Time,Trip Time,Lost Packets,CAN,Voltage,roboRIO CPU,DS Disabled,DS Auto,DS Tele,Robot Disabled,Robot Auto,Robot Tele,Brownout,Watchdog,Messages,Total PDP,PDP 0,PDP 1,PDP 2,PDP 3,PDP 4,PDP 5,PDP 6,PDP 7,PDP 8,PDP 9,PDP 10,PDP 11,PDP 12,PDP 13,PDP 14,PDP 15,PDP 16,PDP 17,PDP 18,PDP 19,PDP 20,PDP 21,PDP 22,PDP 23
15:51:37.753,127.5,100,0,256,0,True,False,False,False,False,False,False,False,,0,0,0,0,0,0,0,0,0,0,0,0,0,0,0,0,0,0,0,0,0,0,0,0,0
15:51:37.773,127.5,100,0,256,0,True,False,False,False,False,False,False,False,,0,0,0,0,0,0,0,0,0,0,0,0,0,0,0,0,0,0,0,0,0,0,0,0,0
15:51:37.793,127.5,100,0,256,0,True,False,False,False,False,False,False,False,,0,0,0,0,0,0,0,0,0,0,0,0,0,0,0,0,0,0,0,0,0,0,0,0,0
15:51:37.813,127.5,100,0,256,0,True,False,False,False,False,False,False,False,,0,0,0,0,0,0,0,0,0,0,0,0,0,0,0,0,0,0,0,0,0,0,0,0,0
15:51:37.833,127.5,100,0,256,0,True,False,False,False,False,False,False,False,,0,0,0,0,0,0,0,0,0,0,0,0,0,0,0,0,0,0,0,0,0,0,0,0,0
15:51:37.853,127.5,100,0,256,0,True,False,False,False,False,False,False,False,,0,0,0,0,0,0,0,0,0,0,0,0,0,0,0,0,0,0,0,0,0,0,0,0,0
15:51:37.873,127.5,100,0,256,0,True,False,False,False,False,False,False,False,,0,0,0,0,0,0,0,0,0,0,0,0,0,0,0,0,0,0,0,0,0,0,0,0,0
15:51:37.893,127.5,100,0,256,0,True,False,False,False,False,False,False,False,,0,0,0,0,0,0,0,0,0,0,0,0,0,0,0,0,0,0,0,0,0,0,0,0,0
15:51:37.913,127.5,100,0,256,0,True,False,False,False,False,False,False,False,,0,0,0,0,0,0,0,0,0,0,0,0,0,0,0,0,0,0,0,0,0,0,0,0,0
15:51:37.933,127.5,100,0,256,0,True,False,False,False,False,False,False,False,,0,0,0,0,0,0,0,0,0,0,0,0,0,0,0,0,0,0,0,0,0,0,0,0,0
15:51:37.953,127.5,100,0,256,0,True,False,False,False,False,False,False,False,,0,0,0,0,0,0,0,0,0,0,0,0,0,0,0,0,0,0,0,0,0,0,0,0,0
15:51:37.973,127.5,100,0,256,0,True,False,False,False,False,False,False,False,,0,0,0,0,0,0,0,0,0,0,0,0,0,0,0,0,0,0,0,0,0,0,0,0,0
15:51:37.993,127.5,100,0,256,0,True,False,False,False,False,False,False,False,,0,0,0,0,0,0,0,0,0,0,0,0,0,0,0,0,0,0,0,0,0,0,0,0,0
15:51:38.013,127.5,100,0,256,0,True,False,False,False,False,False,False,False,,0,0,0,0,0,0,0,0,0,0,0,0,0,0,0,0,0,0,0,0,0,0,0,0,0
15:51:38.033,127.5,100,0,256,0,True,False,False,False,False,False,False,False,,0,0,0,0,0,0,0,0,0,0,0,0,0,0,0,0,0,0,0,0,0,0,0,0,0
15:51:38.053,127.5,100,0,256,0,True,False,False,False,False,False,False,False,,0,0,0,0,0,0,0,0,0,0,0,0,0,0,0,0,0,0,0,0,0,0,0,0,0
15:51:38.073,127.5,100,0,256,0,True,False,False,False,False,False,False,False,,0,0,0,0,0,0,0,0,0,0,0,0,0,0,0,0,0,0,0,0,0,0,0,0,0
15:51:38.093,127.5,100,0,256,0,True,False,False,False,False,False,False,False,,0,0,0,0,0,0,0,0,0,0,0,0,0,0,0,0,0,0,0,0,0,0,0,0,0
15:51:38.113,127.5,100,0,256,0,True,False,False,False,False,False,False,False,,0,0,0,0,0,0,0,0,0,0,0,0,0,0,0,0,0,0,0,0,0,0,0,0,0
15:51:38.133,127.5,100,0,256,0,True,False,False,False,False,False,False,False,,0,0,0,0,0,0,0,0,0,0,0,0,0,0,0,0,0,0,0,0,0,0,0,0,0
15:51:38.153,127.5,100,0,256,0,True,False,False,False,False,False,False,False,,0,0,0,0,0,0,0,0,0,0,0,0,0,0,0,0,0,0,0,0,0,0,0,0,0
15:51:38.173,127.5,100,0,256,0,True,False,False,False,False,False,False,False,,0,0,0,0,0,0,0,0,0,0,0,0,0,0,0,0,0,0,0,0,0,0,0,0,0
15:51:38.193,127.5,100,0,256,0,True,False,False,False,False,False,False,False,,0,0,0,0,0,0,0,0,0,0,0,0,0,0,0,0,0,0,0,0,0,0,0,0,0
15:51:38.213,127.5,100,0,256,0,True,False,False,False,False,False,False,False,,0,0,0,0,0,0,0,0,0,0,0,0,0,0,0,0,0,0,0,0,0,0,0,0,0
15:51:38.233,127.5,100,0,256,0,True,False,False,False,False,False,False,False,,0,0,0,0,0,0,0,0,0,0,0,0,0,0,0,0,0,0,0,0,0,0,0,0,0
15:51:38.253,127.5,100,0,256,0,True,False,False,False,False,False,False,False,,0,0,0,0,0,0,0,0,0,0,0,0,0,0,0,0,0,0,0,0,0,0,0,0,0
15:51:38.273,127.5,52,0,256,0,True,False,False,False,False,False,False,False,,0,0,0,0,0,0,0,0,0,0,0,0,0,0,0,0,0,0,0,0,0,0,0,0,0
15:51:38.293,127.5,52,0,256,0,True,False,False,False,False,False,False,False,,0,0,0,0,0,0,0,0,0,0,0,0,0,0,0,0,0,0,0,0,0,0,0,0,0
15:51:38.313,127.5,52,0,256,0,True,False,False,False,False,False,False,False,,0,0,0,0,0,0,0,0,0,0,0,0,0,0,0,0,0,0,0,0,0,0,0,0,0
15:51:38.333,127.5,52,0,256,0,True,False,False,False,False,False,False,False,,0,0,0,0,0,0,0,0,0,0,0,0,0,0,0,0,0,0,0,0,0,0,0,0,0
15:51:38.353,127.5,52,0,256,0,True,False,False,False,False,False,False,False,,0,0,0,0,0,0,0,0,0,0,0,0,0,0,0,0,0,0,0,0,0,0,0,0,0
15:51:38.373,127.5,52,0,256,0,True,False,False,False,False,False,False,False,,0,0,0,0,0,0,0,0,0,0,0,0,0,0,0,0,0,0,0,0,0,0,0,0,0
15:51:38.393,127.5,52,0,256,0,True,False,False,False,False,False,False,False,,0,0,0,0,0,0,0,0,0,0,0,0,0,0,0,0,0,0,0,0,0,0,0,0,0
15:51:38.413,127.5,52,0,256,0,True,False,False,False,False,False,False,False,,0,0,0,0,0,0,0,0,0,0,0,0,0,0,0,0,0,0,0,0,0,0,0,0,0
15:51:38.433,127.5,52,0,256,0,True,False,False,False,False,False,False,False,,0,0,0,0,0,0,0,0,0,0,0,0,0,0,0,0,0,0,0,0,0,0,0,0,0
15:51:38.453,127.5,52,0,256,0,True,False,False,False,False,False,False,False,,0,0,0,0,0,0,0,0,0,0,0,0,0,0,0,0,0,0,0,0,0,0,0,0,0
15:51:38.473,127.5,52,0,256,0,True,False,False,False,False,False,False,False,,0,0,0,0,0,0,0,0,0,0,0,0,0,0,0,0,0,0,0,0,0,0,0,0,0
15:51:38.493,127.5,52,0,256,0,True,False,False,False,False,False,False,False,,0,0,0,0,0,0,0,0,0,0,0,0,0,0,0,0,0,0,0,0,0,0,0,0,0
15:51:38.513,127.5,52,0,256,0,True,False,False,False,False,False,False,False,,0,0,0,0,0,0,0,0,0,0,0,0,0,0,0,0,0,0,0,0,0,0,0,0,0
15:51:38.533,127.5,52,0,256,0,True,False,False,False,False,False,False,False,,0,0,0,0,0,0,0,0,0,0,0,0,0,0,0,0,0,0,0,0,0,0,0,0,0
15:51:38.553,127.5,52,0,256,0,True,False,False,False,False,False,False,False,,0,0,0,0,0,0,0,0,0,0,0,0,0,0,0,0,0,0,0,0,0,0,0,0,0
15:51:38.573,127.5,52,0,256,0,True,False,False,False,False,False,False,False,,0,0,0,0,0,0,0,0,0,0,0,0,0,0,0,0,0,0,0,0,0,0,0,0,0
15:51:38.593,127.5,52,0,256,0,True,False,False,False,False,False,False,False,,0,0,0,0,0,0,0,0,0,0,0,0,0,0,0,0,0,0,0,0,0,0,0,0,0
15:51:38.613,127.5,52,0,256,0,True,False,False,False,False,False,False,False,,0,0,0,0,0,0,0,0,0,0,0,0,0,0,0,0,0,0,0,0,0,0,0,0,0
15:51:38.633,127.5,52,0,256,0,True,False,False,False,False,False,False,False,,0,0,0,0,0,0,0,0,0,0,0,0,0,0,0,0,0,0,0,0,0,0,0,0,0
15:51:38.653,127.5,52,0,256,0,True,False,False,False,False,False,False,False,,0,0,0,0,0,0,0,0,0,0,0,0,0,0,0,0,0,0,0,0,0,0,0,0,0
15:51:38.673,127.5,52,0,256,0,True,False,False,False,False,False,False,False,,0,0,0,0,0,0,0,0,0,0,0,0,0,0,0,0,0,0,0,0,0,0,0,0,0
15:51:38.693,127.5,52,0,256,0,True,False,False,False,False,False,False,False,,0,0,0,0,0,0,0,0,0,0,0,0,0,0,0,0,0,0,0,0,0,0,0,0,0
15:51:38.713,127.5,52,0,256,0,True,False,False,False,False,False,False,False,,0,0,0,0,0,0,0,0,0,0,0,0,0,0,0,0,0,0,0,0,0,0,0,0,0
15:51:38.733,127.5,52,0,256,0,True,False,False,False,False,False,False,False,,0,0,0,0,0,0,0,0,0,0,0,0,0,0,0,0,0,0,0,0,0,0,0,0,0
15:51:38.753,127.5,52,0,256,0,True,False,False,False,False,False,False,False,,0,0,0,0,0,0,0,0,0,0,0,0,0,0,0,0,0,0,0,0,0,0,0,0,0
15:51:38.773,127.5,52,0,256,0,True,False,False,False,False,False,False,False,,0,0,0,0,0,0,0,0,0,0,0,0,0,0,0,0,0,0,0,0,0,0,0,0,0
15:51:38.793,127.5,52,0,256,0,True,False,False,False,False,False,False,False,,0,0,0,0,0,0,0,0,0,0,0,0,0,0,0,0,0,0,0,0,0,0,0,0,0
15:51:38.813,127.5,52,0,256,0,True,False,False,False,False,False,False,False,,0,0,0,0,0,0,0,0,0,0,0,0,0,0,0,0,0,0,0,0,0,0,0,0,0
15:51:38.833,127.5,52,0,256,0,True,False,False,False,False,False,False,False,,0,0,0,0,0,0,0,0,0,0,0,0,0,0,0,0,0,0,0,0,0,0,0,0,0
15:51:38.853,127.5,52,0,256,0,True,False,False,False,False,False,False,False,,0,0,0,0,0,0,0,0,0,0,0,0,0,0,0,0,0,0,0,0,0,0,0,0,0
15:51:38.873,127.5,52,0,256,0,True,False,False,False,False,False,False,False,,0,0,0,0,0,0,0,0,0,0,0,0,0,0,0,0,0,0,0,0,0,0,0,0,0
15:51:38.893,127.5,52,0,256,0,True,False,False,False,False,False,False,False,,0,0,0,0,0,0,0,0,0,0,0,0,0,0,0,0,0,0,0,0,0,0,0,0,0
15:51:38.913,127.5,52,0,256,0,True,False,False,False,False,False,False,False,,0,0,0,0,0,0,0,0,0,0,0,0,0,0,0,0,0,0,0,0,0,0,0,0,0
15:51:38.933,127.5,52,0,256,0,True,False,False,False,False,False,False,False,,0,0,0,0,0,0,0,0,0,0,0,0,0,0,0,0,0,0,0,0,0,0,0,0,0
15:51:38.953,127.5,52,0,256,0,True,False,False,False,False,False,False,False,,0,0,0,0,0,0,0,0,0,0,0,0,0,0,0,0,0,0,0,0,0,0,0,0,0
15:51:38.973,127.5,52,0,256,0,True,False,False,False,False,False,False,False,,0,0,0,0,0,0,0,0,0,0,0,0,0,0,0,0,0,0,0,0,0,0,0,0,0
15:51:38.993,127.5,104,0,256,0,True,False,False,False,False,False,False,False,,0,0,0,0,0,0,0,0,0,0,0,0,0,0,0,0,0,0,0,0,0,0,0,0,0
15:51:39.013,127.5,104,0,256,0,True,False,False,False,False,False,False,False,,0,0,0,0,0,0,0,0,0,0,0,0,0,0,0,0,0,0,0,0,0,0,0,0,0
15:51:39.033,127.5,104,0,256,0,True,False,False,False,False,False,False,False,,0,0,0,0,0,0,0,0,0,0,0,0,0,0,0,0,0,0,0,0,0,0,0,0,0
15:51:39.053,127.5,104,0,256,0,True,False,False,False,False,False,False,False,,0,0,0,0,0,0,0,0,0,0,0,0,0,0,0,0,0,0,0,0,0,0,0,0,0
15:51:39.073,127.5,104,0,256,0,True,False,False,False,False,False,False,False,,0,0,0,0,0,0,0,0,0,0,0,0,0,0,0,0,0,0,0,0,0,0,0,0,0
15:51:39.093,127.5,104,0,256,0,True,False,False,False,False,False,False,False,,0,0,0,0,0,0,0,0,0,0,0,0,0,0,0,0,0,0,0,0,0,0,0,0,0
15:51:39.113,127.5,104,0,256,0,True,False,False,False,False,False,False,False,,0,0,0,0,0,0,0,0,0,0,0,0,0,0,0,0,0,0,0,0,0,0,0,0,0
15:51:39.133,127.5,104,0,256,0,True,False,False,False,False,False,False,False,,0,0,0,0,0,0,0,0,0,0,0,0,0,0,0,0,0,0,0,0,0,0,0,0,0
15:51:39.153,127.5,104,0,256,0,True,False,False,False,False,False,False,False,,0,0,0,0,0,0,0,0,0,0,0,0,0,0,0,0,0,0,0,0,0,0,0,0,0
15:51:39.173,127.5,104,0,256,0,True,False,False,False,False,False,False,False,,0,0,0,0,0,0,0,0,0,0,0,0,0,0,0,0,0,0,0,0,0,0,0,0,0
15:51:39.193,127.5,104,0,256,0,True,False,False,False,False,False,False,False,,0,0,0,0,0,0,0,0,0,0,0,0,0,0,0,0,0,0,0,0,0,0,0,0,0
15:51:39.213,127.5,104,0,256,0,True,False,False,False,False,False,False,False,,0,0,0,0,0,0,0,0,0,0,0,0,0,0,0,0,0,0,0,0,0,0,0,0,0
15:51:39.233,127.5,104,0,256,0,True,False,False,False,False,False,False,False,,0,0,0,0,0,0,0,0,0,0,0,0,0,0,0,0,0,0,0,0,0,0,0,0,0
15:51:39.253,127.5,104,0,256,0,True,False,False,False,False,False,False,False,,0,0,0,0,0,0,0,0,0,0,0,0,0,0,0,0,0,0,0,0,0,0,0,0,0
15:51:39.273,127.5,104,0,256,0,True,False,False,False,False,False,False,False,,0,0,0,0,0,0,0,0,0,0,0,0,0,0,0,0,0,0,0,0,0,0,0,0,0
15:51:39.293,127.5,104,0,256,0,True,False,False,False,False,False,False,False,,0,0,0,0,0,0,0,0,0,0,0,0,0,0,0,0,0,0,0,0,0,0,0,0,0
15:51:39.313,127.5,104,0,256,0,True,False,False,False,False,False,False,False,,0,0,0,0,0,0,0,0,0,0,0,0,0,0,0,0,0,0,0,0,0,0,0,0,0
15:51:39.333,127.5,104,0,256,0,True,False,False,False,False,False,False,False,,0,0,0,0,0,0,0,0,0,0,0,0,0,0,0,0,0,0,0,0,0,0,0,0,0
15:51:39.353,127.5,104,0,256,0,True,False,False,False,False,False,False,False,,0,0,0,0,0,0,0,0,0,0,0,0,0,0,0,0,0,0,0,0,0,0,0,0,0
15:51:39.373,127.5,104,0,256,0,True,False,False,False,False,False,False,False,,0,0,0,0,0,0,0,0,0,0,0,0,0,0,0,0,0,0,0,0,0,0,0,0,0
15:51:39.393,127.5,104,0,256,0,True,False,False,False,False,False,False,False,,0,0,0,0,0,0,0,0,0,0,0,0,0,0,0,0,0,0,0,0,0,0,0,0,0
15:51:39.413,127.5,104,0,256,0,True,False,False,False,False,False,False,False,,0,0,0,0,0,0,0,0,0,0,0,0,0,0,0,0,0,0,0,0,0,0,0,0,0
15:51:39.433,127.5,104,0,256,0,True,False,False,False,False,False,False,False,,0,0,0,0,0,0,0,0,0,0,0,0,0,0,0,0,0,0,0,0,0,0,0,0,0
15:51:39.453,127.5,104,0,256,0,True,False,False,False,False,False,False,False,,0,0,0,0,0,0,0,0,0,0,0,0,0,0,0,0,0,0,0,0,0,0,0,0,0
15:51:39.473,127.5,104,0,256,0,True,False,False,False,False,False,False,False,,0,0,0,0,0,0,0,0,0,0,0,0,0,0,0,0,0,0,0,0,0,0,0,0,0
15:51:39.493,127.5,104,0,256,0,True,False,False,False,False,False,False,False,,0,0,0,0,0,0,0,0,0,0,0,0,0,0,0,0,0,0,0,0,0,0,0,0,0
15:51:39.513,127.5,100,0,256,0,True,False,False,False,False,False,False,False,,0,0,0,0,0,0,0,0,0,0,0,0,0,0,0,0,0,0,0,0,0,0,0,0,0
15:51:39.533,127.5,100,0,256,0,True,False,False,False,False,False,False,False,,0,0,0,0,0,0,0,0,0,0,0,0,0,0,0,0,0,0,0,0,0,0,0,0,0
15:51:39.553,127.5,100,0,256,0,True,False,False,False,False,False,False,False,,0,0,0,0,0,0,0,0,0,0,0,0,0,0,0,0,0,0,0,0,0,0,0,0,0
15:51:39.573,127.5,100,0,256,0,True,False,False,False,False,False,False,False,,0,0,0,0,0,0,0,0,0,0,0,0,0,0,0,0,0,0,0,0,0,0,0,0,0
15:51:39.593,127.5,100,0,256,0,True,False,False,False,False,False,False,False,,0,0,0,0,0,0,0,0,0,0,0,0,0,0,0,0,0,0,0,0,0,0,0,0,0
15:51:39.613,127.5,100,0,256,0,True,False,False,False,False,False,False,False,,0,0,0,0,0,0,0,0,0,0,0,0,0,0,0,0,0,0,0,0,0,0,0,0,0
15:51:39.633,127.5,100,0,256,0,True,False,False,False,False,False,False,False,,0,0,0,0,0,0,0,0,0,0,0,0,0,0,0,0,0,0,0,0,0,0,0,0,0
15:51:39.653,127.5,100,0,256,0,True,False,False,False,False,False,False,False,,0,0,0,0,0,0,0,0,0,0,0,0,0,0,0,0,0,0,0,0,0,0,0,0,0
15:51:39.673,127.5,100,0,256,0,True,False,False,False,False,False,False,False,,0,0,0,0,0,0,0,0,0,0,0,0,0,0,0,0,0,0,0,0,0,0,0,0,0
15:51:39.693,127.5,100,0,256,0,True,False,False,False,False,False,False,False,,0,0,0,0,0,0,0,0,0,0,0,0,0,0,0,0,0,0,0,0,0,0,0,0,0
15:51:39.713,127.5,100,0,256,0,True,False,False,False,False,False,False,False,,0,0,0,0,0,0,0,0,0,0,0,0,0,0,0,0,0,0,0,0,0,0,0,0,0
15:51:39.733,127.5,100,0,256,0,True,False,False,False,False,False,False,False,,0,0,0,0,0,0,0,0,0,0,0,0,0,0,0,0,0,0,0,0,0,0,0,0,0
15:51:39.753,127.5,100,0,256,0,True,False,False,False,False,False,False,False,,0,0,0,0,0,0,0,0,0,0,0,0,0,0,0,0,0,0,0,0,0,0,0,0,0
15:51:39.773,127.5,100,0,256,0,True,False,False,False,False,False,False,False,,0,0,0,0,0,0,0,0,0,0,0,0,0,0,0,0,0,0,0,0,0,0,0,0,0
15:51:39.793,127.5,100,0,256,0,True,False,False,False,False,False,False,False,,0,0,0,0,0,0,0,0,0,0,0,0,0,0,0,0,0,0,0,0,0,0,0,0,0
15:51:39.813,127.5,100,0,256,0,True,False,False,False,False,False,False,False,,0,0,0,0,0,0,0,0,0,0,0,0,0,0,0,0,0,0,0,0,0,0,0,0,0
15:51:39.833,127.5,100,0,256,0,True,False,False,False,False,False,False,False,,0,0,0,0,0,0,0,0,0,0,0,0,0,0,0,0,0,0,0,0,0,0,0,0,0
15:51:39.853,127.5,100,0,256,0,True,False,False,False,False,False,False,False,,0,0,0,0,0,0,0,0,0,0,0,0,0,0,0,0,0,0,0,0,0,0,0,0,0
15:51:39.873,127.5,100,0,256,0,True,False,False,False,False,False,False,False,,0,0,0,0,0,0,0,0,0,0,0,0,0,0,0,0,0,0,0,0,0,0,0,0,0
15:51:39.893,127.5,100,0,256,0,True,False,False,False,False,False,False,False,,0,0,0,0,0,0,0,0,0,0,0,0,0,0,0,0,0,0,0,0,0,0,0,0,0
15:51:39.913,127.5,100,0,256,0,True,False,False,False,False,False,False,False,,0,0,0,0,0,0,0,0,0,0,0,0,0,0,0,0,0,0,0,0,0,0,0,0,0
15:51:39.933,127.5,100,0,256,0,True,False,False,False,False,False,False,False,,0,0,0,0,0,0,0,0,0,0,0,0,0,0,0,0,0,0,0,0,0,0,0,0,0
15:51:39.953,127.5,100,0,256,0,True,False,False,False,False,False,False,False,,0,0,0,0,0,0,0,0,0,0,0,0,0,0,0,0,0,0,0,0,0,0,0,0,0
15:51:39.973,127.5,100,0,256,0,True,False,False,False,False,False,False,False,,0,0,0,0,0,0,0,0,0,0,0,0,0,0,0,0,0,0,0,0,0,0,0,0,0
15:51:39.993,127.5,100,0,256,0,True,False,False,False,False,False,False,False,,0,0,0,0,0,0,0,0,0,0,0,0,0,0,0,0,0,0,0,0,0,0,0,0,0
15:51:40.013,127.5,100,0,256,0,True,False,False,False,False,False,False,False,,0,0,0,0,0,0,0,0,0,0,0,0,0,0,0,0,0,0,0,0,0,0,0,0,0
15:51:40.033,127.5,100,0,256,0,True,False,False,False,False,False,False,False,,0,0,0,0,0,0,0,0,0,0,0,0,0,0,0,0,0,0,0,0,0,0,0,0,0
15:51:40.053,127.5,100,0,256,0,True,False,False,False,False,False,False,False,,0,0,0,0,0,0,0,0,0,0,0,0,0,0,0,0,0,0,0,0,0,0,0,0,0
15:51:40.073,127.5,100,0,256,0,True,False,False,False,False,False,False,False,,0,0,0,0,0,0,0,0,0,0,0,0,0,0,0,0,0,0,0,0,0,0,0,0,0
15:51:40.093,127.5,100,0,256,0,True,False,False,False,False,False,False,False,,0,0,0,0,0,0,0,0,0,0,0,0,0,0,0,0,0,0,0,0,0,0,0,0,0
15:51:40.113,127.5,100,0,256,0,True,False,False,False,False,False,False,False,,0,0,0,0,0,0,0,0,0,0,0,0,0,0,0,0,0,0,0,0,0,0,0,0,0
15:51:40.133,127.5,100,0,256,0,True,False,False,False,False,False,False,False,,0,0,0,0,0,0,0,0,0,0,0,0,0,0,0,0,0,0,0,0,0,0,0,0,0
15:51:40.153,127.5,100,0,256,0,True,False,False,False,False,False,False,False,,0,0,0,0,0,0,0,0,0,0,0,0,0,0,0,0,0,0,0,0,0,0,0,0,0
15:51:40.173,127.5,100,0,256,0,True,False,False,False,False,False,False,False,,0,0,0,0,0,0,0,0,0,0,0,0,0,0,0,0,0,0,0,0,0,0,0,0,0
15:51:40.193,127.5,100,0,256,0,True,False,False,False,False,False,False,False,,0,0,0,0,0,0,0,0,0,0,0,0,0,0,0,0,0,0,0,0,0,0,0,0,0
15:51:40.213,127.5,100,0,256,0,True,False,False,False,False,False,False,False,,0,0,0,0,0,0,0,0,0,0,0,0,0,0,0,0,0,0,0,0,0,0,0,0,0
15:51:40.233,127.5,100,0,256,0,True,False,False,False,False,False,False,False,,0,0,0,0,0,0,0,0,0,0,0,0,0,0,0,0,0,0,0,0,0,0,0,0,0
15:51:40.253,127.5,100,0,256,0,True,False,False,False,False,False,False,False,,0,0,0,0,0,0,0,0,0,0,0,0,0,0,0,0,0,0,0,0,0,0,0,0,0
15:51:40.273,127.5,100,0,256,0,True,False,False,False,False,False,False,False,,0,0,0,0,0,0,0,0,0,0,0,0,0,0,0,0,0,0,0,0,0,0,0,0,0
15:51:40.293,127.5,100,0,256,0,True,False,False,False,False,False,False,False,,0,0,0,0,0,0,0,0,0,0,0,0,0,0,0,0,0,0,0,0,0,0,0,0,0
15:51:40.313,127.5,100,0,256,0,True,False,False,False,False,False,False,False,,0,0,0,0,0,0,0,0,0,0,0,0,0,0,0,0,0,0,0,0,0,0,0,0,0
15:51:40.333,127.5,100,0,256,0,True,False,False,False,False,False,False,False,,0,0,0,0,0,0,0,0,0,0,0,0,0,0,0,0,0,0,0,0,0,0,0,0,0
15:51:40.353,127.5,100,0,256,0,True,False,False,False,False,False,False,False,,0,0,0,0,0,0,0,0,0,0,0,0,0,0,0,0,0,0,0,0,0,0,0,0,0
15:51:40.373,127.5,100,0,256,0,True,False,False,False,False,False,False,False,,0,0,0,0,0,0,0,0,0,0,0,0,0,0,0,0,0,0,0,0,0,0,0,0,0
15:51:40.393,127.5,100,0,256,0,True,False,False,False,False,False,False,False,,0,0,0,0,0,0,0,0,0,0,0,0,0,0,0,0,0,0,0,0,0,0,0,0,0
15:51:40.413,127.5,100,0,256,0,True,False,False,False,False,False,False,False,,0,0,0,0,0,0,0,0,0,0,0,0,0,0,0,0,0,0,0,0,0,0,0,0,0
15:51:40.433,127.5,100,0,256,0,True,False,False,False,False,False,False,False,,0,0,0,0,0,0,0,0,0,0,0,0,0,0,0,0,0,0,0,0,0,0,0,0,0
15:51:40.453,127.5,100,0,256,0,True,False,False,False,False,False,False,False,,0,0,0,0,0,0,0,0,0,0,0,0,0,0,0,0,0,0,0,0,0,0,0,0,0
15:51:40.473,127.5,100,0,256,0,True,False,False,False,False,False,False,False,,0,0,0,0,0,0,0,0,0,0,0,0,0,0,0,0,0,0,0,0,0,0,0,0,0
15:51:40.493,127.5,100,0,256,0,True,False,False,False,False,False,False,False,,0,0,0,0,0,0,0,0,0,0,0,0,0,0,0,0,0,0,0,0,0,0,0,0,0
15:51:40.513,127.5,100,0,256,0,True,False,False,False,False,False,False,False,,0,0,0,0,0,0,0,0,0,0,0,0,0,0,0,0,0,0,0,0,0,0,0,0,0
15:51:40.533,127.5,100,0,256,0,True,False,False,False,False,False,False,False,,0,0,0,0,0,0,0,0,0,0,0,0,0,0,0,0,0,0,0,0,0,0,0,0,0
15:51:40.553,127.5,100,0,256,0,True,False,False,False,False,False,False,False,,0,0,0,0,0,0,0,0,0,0,0,0,0,0,0,0,0,0,0,0,0,0,0,0,0
15:51:40.573,127.5,100,0,256,0,True,False,False,False,False,False,False,False,,0,0,0,0,0,0,0,0,0,0,0,0,0,0,0,0,0,0,0,0,0,0,0,0,0
15:51:40.593,127.5,100,0,256,0,True,False,False,False,False,False,False,False,,0,0,0,0,0,0,0,0,0,0,0,0,0,0,0,0,0,0,0,0,0,0,0,0,0
15:51:40.613,127.5,100,0,256,0,True,False,False,False,False,False,False,False,,0,0,0,0,0,0,0,0,0,0,0,0,0,0,0,0,0,0,0,0,0,0,0,0,0
15:51:40.633,127.5,100,0,256,0,True,False,False,False,False,False,False,False,,0,0,0,0,0,0,0,0,0,0,0,0,0,0,0,0,0,0,0,0,0,0,0,0,0
15:51:40.653,127.5,100,0,256,0,True,False,False,False,False,False,False,False,,0,0,0,0,0,0,0,0,0,0,0,0,0,0,0,0,0,0,0,0,0,0,0,0,0
15:51:40.673,127.5,100,0,256,0,True,False,False,False,False,False,False,False,,0,0,0,0,0,0,0,0,0,0,0,0,0,0,0,0,0,0,0,0,0,0,0,0,0
15:51:40.693,127.5,100,0,256,0,True,False,False,False,False,False,False,False,,0,0,0,0,0,0,0,0,0,0,0,0,0,0,0,0,0,0,0,0,0,0,0,0,0
15:51:40.713,127.5,100,0,256,0,True,False,False,False,False,False,False,False,,0,0,0,0,0,0,0,0,0,0,0,0,0,0,0,0,0,0,0,0,0,0,0,0,0
15:51:40.733,127.5,100,0,256,0,True,False,False,False,False,False,False,False,,0,0,0,0,0,0,0,0,0,0,0,0,0,0,0,0,0,0,0,0,0,0,0,0,0
15:51:40.753,127.5,100,0,256,0,True,False,False,False,False,False,False,False,,0,0,0,0,0,0,0,0,0,0,0,0,0,0,0,0,0,0,0,0,0,0,0,0,0
15:51:40.773,127.5,100,0,256,0,True,False,False,False,False,False,False,False,,0,0,0,0,0,0,0,0,0,0,0,0,0,0,0,0,0,0,0,0,0,0,0,0,0
15:51:40.793,127.5,100,0,256,0,True,False,False,False,False,False,False,False,,0,0,0,0,0,0,0,0,0,0,0,0,0,0,0,0,0,0,0,0,0,0,0,0,0
15:51:40.813,127.5,100,0,256,0,True,False,False,False,False,False,False,False,,0,0,0,0,0,0,0,0,0,0,0,0,0,0,0,0,0,0,0,0,0,0,0,0,0
15:51:40.833,127.5,100,0,256,0,True,False,False,False,False,False,False,False,,0,0,0,0,0,0,0,0,0,0,0,0,0,0,0,0,0,0,0,0,0,0,0,0,0
15:51:40.853,127.5,100,0,256,0,True,False,False,False,False,False,False,False,,0,0,0,0,0,0,0,0,0,0,0,0,0,0,0,0,0,0,0,0,0,0,0,0,0
15:51:40.873,127.5,100,0,256,0,True,False,False,False,False,False,False,False,,0,0,0,0,0,0,0,0,0,0,0,0,0,0,0,0,0,0,0,0,0,0,0,0,0
15:51:40.893,127.5,100,0,256,0,True,False,False,False,False,False,False,False,,0,0,0,0,0,0,0,0,0,0,0,0,0,0,0,0,0,0,0,0,0,0,0,0,0
15:51:40.913,127.5,100,0,256,0,True,False,False,False,False,False,False,False,,0,0,0,0,0,0,0,0,0,0,0,0,0,0,0,0,0,0,0,0,0,0,0,0,0
15:51:40.933,127.5,100,0,256,0,True,False,False,False,False,False,False,False,,0,0,0,0,0,0,0,0,0,0,0,0,0,0,0,0,0,0,0,0,0,0,0,0,0
15:51:40.953,127.5,100,0,256,0,True,False,False,False,False,False,False,False,,0,0,0,0,0,0,0,0,0,0,0,0,0,0,0,0,0,0,0,0,0,0,0,0,0
15:51:40.973,127.5,100,0,256,0,True,False,False,False,False,False,False,False,,0,0,0,0,0,0,0,0,0,0,0,0,0,0,0,0,0,0,0,0,0,0,0,0,0
15:51:40.993,127.5,100,0,256,0,True,False,False,False,False,False,False,False,,0,0,0,0,0,0,0,0,0,0,0,0,0,0,0,0,0,0,0,0,0,0,0,0,0
15:51:41.013,127.5,100,0,256,0,True,False,False,False,False,False,False,False,,0,0,0,0,0,0,0,0,0,0,0,0,0,0,0,0,0,0,0,0,0,0,0,0,0
15:51:41.033,127.5,100,0,256,0,True,False,False,False,False,False,False,False,,0,0,0,0,0,0,0,0,0,0,0,0,0,0,0,0,0,0,0,0,0,0,0,0,0
15:51:41.053,127.5,100,0,256,0,True,False,False,False,False,False,False,False,,0,0,0,0,0,0,0,0,0,0,0,0,0,0,0,0,0,0,0,0,0,0,0,0,0
15:51:41.073,127.5,100,0,256,0,True,False,False,False,False,False,False,False,,0,0,0,0,0,0,0,0,0,0,0,0,0,0,0,0,0,0,0,0,0,0,0,0,0
15:51:41.093,127.5,100,0,256,0,True,False,False,False,False,False,False,False,,0,0,0,0,0,0,0,0,0,0,0,0,0,0,0,0,0,0,0,0,0,0,0,0,0
15:51:41.113,127.5,100,0,256,0,True,False,False,False,False,False,False,False,,0,0,0,0,0,0,0,0,0,0,0,0,0,0,0,0,0,0,0,0,0,0,0,0,0
15:51:41.133,127.5,100,0,256,0,True,False,False,False,False,False,False,False,,0,0,0,0,0,0,0,0,0,0,0,0,0,0,0,0,0,0,0,0,0,0,0,0,0
15:51:41.153,127.5,100,0,256,0,True,False,False,False,False,False,False,False,,0,0,0,0,0,0,0,0,0,0,0,0,0,0,0,0,0,0,0,0,0,0,0,0,0
15:51:41.173,127.5,100,0,256,0,True,False,False,False,False,False,False,False,,0,0,0,0,0,0,0,0,0,0,0,0,0,0,0,0,0,0,0,0,0,0,0,0,0
15:51:41.193,127.5,100,0,256,0,True,False,False,False,False,False,False,False,,0,0,0,0,0,0,0,0,0,0,0,0,0,0,0,0,0,0,0,0,0,0,0,0,0
15:51:41.213,127.5,100,0,256,0,True,False,False,False,False,False,False,False,,0,0,0,0,0,0,0,0,0,0,0,0,0,0,0,0,0,0,0,0,0,0,0,0,0
15:51:41.233,127.5,100,0,256,0,True,False,False,False,False,False,False,False,,0,0,0,0,0,0,0,0,0,0,0,0,0,0,0,0,0,0,0,0,0,0,0,0,0
15:51:41.253,127.5,100,0,256,0,True,False,False,False,False,False,False,False,,0,0,0,0,0,0,0,0,0,0,0,0,0,0,0,0,0,0,0,0,0,0,0,0,0
15:51:41.273,127.5,100,0,256,0,True,False,False,False,False,False,False,False,,0,0,0,0,0,0,0,0,0,0,0,0,0,0,0,0,0,0,0,0,0,0,0,0,0
15:51:41.293,127.5,100,0,256,0,True,False,False,False,False,False,False,False,,0,0,0,0,0,0,0,0,0,0,0,0,0,0,0,0,0,0,0,0,0,0,0,0,0
15:51:41.313,127.5,100,0,256,0,True,False,False,False,False,False,False,False,,0,0,0,0,0,0,0,0,0,0,0,0,0,0,0,0,0,0,0,0,0,0,0,0,0
15:51:41.333,127.5,100,0,256,0,True,False,False,False,False,False,False,False,,0,0,0,0,0,0,0,0,0,0,0,0,0,0,0,0,0,0,0,0,0,0,0,0,0
15:51:41.353,127.5,100,0,256,0,True,False,False,False,False,False,False,False,,0,0,0,0,0,0,0,0,0,0,0,0,0,0,0,0,0,0,0,0,0,0,0,0,0
15:51:41.373,127.5,100,0,256,0,True,False,False,False,False,False,False,False,,0,0,0,0,0,0,0,0,0,0,0,0,0,0,0,0,0,0,0,0,0,0,0,0,0
15:51:41.393,127.5,100,0,256,0,True,False,False,False,False,False,False,False,,0,0,0,0,0,0,0,0,0,0,0,0,0,0,0,0,0,0,0,0,0,0,0,0,0
15:51:41.413,127.5,100,0,256,0,True,False,False,False,False,False,False,False,,0,0,0,0,0,0,0,0,0,0,0,0,0,0,0,0,0,0,0,0,0,0,0,0,0
15:51:41.433,127.5,100,0,256,0,True,False,False,False,False,False,False,False,,0,0,0,0,0,0,0,0,0,0,0,0,0,0,0,0,0,0,0,0,0,0,0,0,0
15:51:41.453,127.5,100,0,256,0,True,False,False,False,False,False,False,False,,0,0,0,0,0,0,0,0,0,0,0,0,0,0,0,0,0,0,0,0,0,0,0,0,0
15:51:41.473,127.5,100,0,256,0,True,False,False,False,False,False,False,False,,0,0,0,0,0,0,0,0,0,0,0,0,0,0,0,0,0,0,0,0,0,0,0,0,0
15:51:41.493,127.5,100,0,256,0,True,False,False,False,False,False,False,False,,0,0,0,0,0,0,0,0,0,0,0,0,0,0,0,0,0,0,0,0,0,0,0,0,0
15:51:41.513,127.5,100,0,256,0,True,False,False,False,False,False,False,False,,0,0,0,0,0,0,0,0,0,0,0,0,0,0,0,0,0,0,0,0,0,0,0,0,0
15:51:41.533,127.5,100,0,256,0,True,False,False,False,False,False,False,False,,0,0,0,0,0,0,0,0,0,0,0,0,0,0,0,0,0,0,0,0,0,0,0,0,0
15:51:41.553,127.5,100,0,256,0,True,False,False,False,False,False,False,False,,0,0,0,0,0,0,0,0,0,0,0,0,0,0,0,0,0,0,0,0,0,0,0,0,0
15:51:41.573,127.5,100,0,256,0,True,False,False,False,False,False,False,False,,0,0,0,0,0,0,0,0,0,0,0,0,0,0,0,0,0,0,0,0,0,0,0,0,0
15:51:41.593,127.5,100,0,256,0,True,False,False,False,False,False,False,False,,0,0,0,0,0,0,0,0,0,0,0,0,0,0,0,0,0,0,0,0,0,0,0,0,0
15:51:41.613,127.5,100,0,256,0,True,False,False,False,False,False,False,False,,0,0,0,0,0,0,0,0,0,0,0,0,0,0,0,0,0,0,0,0,0,0,0,0,0
15:51:41.633,127.5,100,0,256,0,True,False,False,False,False,False,False,False,,0,0,0,0,0,0,0,0,0,0,0,0,0,0,0,0,0,0,0,0,0,0,0,0,0
15:51:41.653,127.5,100,0,256,0,True,False,False,False,False,False,False,False,,0,0,0,0,0,0,0,0,0,0,0,0,0,0,0,0,0,0,0,0,0,0,0,0,0
15:51:41.673,127.5,100,0,256,0,True,False,False,False,False,False,False,False,,0,0,0,0,0,0,0,0,0,0,0,0,0,0,0,0,0,0,0,0,0,0,0,0,0
15:51:41.693,127.5,100,0,256,0,True,False,False,False,False,False,False,False,,0,0,0,0,0,0,0,0,0,0,0,0,0,0,0,0,0,0,0,0,0,0,0,0,0
15:51:41.713,127.5,100,0,256,0,True,False,False,False,False,False,False,False,,0,0,0,0,0,0,0,0,0,0,0,0,0,0,0,0,0,0,0,0,0,0,0,0,0
15:51:41.733,127.5,100,0,256,0,True,False,False,False,False,False,False,False,,0,0,0,0,0,0,0,0,0,0,0,0,0,0,0,0,0,0,0,0,0,0,0,0,0
15:51:41.753,127.5,100,0,256,0,True,False,False,False,False,False,False,False,,0,0,0,0,0,0,0,0,0,0,0,0,0,0,0,0,0,0,0,0,0,0,0,0,0
15:51:41.773,127.5,100,0,256,0,True,False,False,False,False,False,False,False,,0,0,0,0,0,0,0,0,0,0,0,0,0,0,0,0,0,0,0,0,0,0,0,0,0
15:51:41.793,127.5,100,0,256,0,True,False,False,False,False,False,False,False,,0,0,0,0,0,0,0,0,0,0,0,0,0,0,0,0,0,0,0,0,0,0,0,0,0
15:51:41.813,127.5,100,0,256,0,True,False,False,False,False,False,False,False,,0,0,0,0,0,0,0,0,0,0,0,0,0,0,0,0,0,0,0,0,0,0,0,0,0
15:51:41.833,127.5,100,0,256,0,True,False,False,False,False,False,False,False,,0,0,0,0,0,0,0,0,0,0,0,0,0,0,0,0,0,0,0,0,0,0,0,0,0
15:51:41.853,127.5,100,0,256,0,True,False,False,False,False,False,False,False,,0,0,0,0,0,0,0,0,0,0,0,0,0,0,0,0,0,0,0,0,0,0,0,0,0
15:51:41.873,127.5,100,0,256,0,True,False,False,False,False,False,False,False,,0,0,0,0,0,0,0,0,0,0,0,0,0,0,0,0,0,0,0,0,0,0,0,0,0
15:51:41.893,127.5,100,0,256,0,True,False,False,False,False,False,False,False,,0,0,0,0,0,0,0,0,0,0,0,0,0,0,0,0,0,0,0,0,0,0,0,0,0
15:51:41.913,127.5,100,0,256,0,True,False,False,False,False,False,False,False,,0,0,0,0,0,0,0,0,0,0,0,0,0,0,0,0,0,0,0,0,0,0,0,0,0
15:51:41.933,127.5,100,0,256,0,True,False,False,False,False,False,False,False,,0,0,0,0,0,0,0,0,0,0,0,0,0,0,0,0,0,0,0,0,0,0,0,0,0
15:51:41.953,127.5,100,0,256,0,True,False,False,False,False,False,False,False,,0,0,0,0,0,0,0,0,0,0,0,0,0,0,0,0,0,0,0,0,0,0,0,0,0
15:51:41.973,127.5,100,0,256,0,True,False,False,False,False,False,False,False,,0,0,0,0,0,0,0,0,0,0,0,0,0,0,0,0,0,0,0,0,0,0,0,0,0
15:51:41.993,127.5,100,0,256,0,True,False,False,False,False,False,False,False,,0,0,0,0,0,0,0,0,0,0,0,0,0,0,0,0,0,0,0,0,0,0,0,0,0
15:51:42.013,127.5,100,0,256,0,True,False,False,False,False,False,False,False,,0,0,0,0,0,0,0,0,0,0,0,0,0,0,0,0,0,0,0,0,0,0,0,0,0
15:51:42.033,127.5,104,0,256,0,True,False,False,False,False,False,False,False,,0,0,0,0,0,0,0,0,0,0,0,0,0,0,0,0,0,0,0,0,0,0,0,0,0
15:51:42.053,127.5,104,0,256,0,True,False,False,False,False,False,False,False,,0,0,0,0,0,0,0,0,0,0,0,0,0,0,0,0,0,0,0,0,0,0,0,0,0
15:51:42.073,127.5,104,0,256,0,True,False,False,False,False,False,False,False,,0,0,0,0,0,0,0,0,0,0,0,0,0,0,0,0,0,0,0,0,0,0,0,0,0
15:51:42.093,127.5,104,0,256,0,True,False,False,False,False,False,False,False,,0,0,0,0,0,0,0,0,0,0,0,0,0,0,0,0,0,0,0,0,0,0,0,0,0
15:51:42.113,127.5,104,0,256,0,True,False,False,False,False,False,False,False,,0,0,0,0,0,0,0,0,0,0,0,0,0,0,0,0,0,0,0,0,0,0,0,0,0
15:51:42.133,127.5,104,0,256,0,True,False,False,False,False,False,False,False,,0,0,0,0,0,0,0,0,0,0,0,0,0,0,0,0,0,0,0,0,0,0,0,0,0
15:51:42.153,127.5,104,0,256,0,True,False,False,False,False,False,False,False,,0,0,0,0,0,0,0,0,0,0,0,0,0,0,0,0,0,0,0,0,0,0,0,0,0
15:51:42.173,127.5,104,0,256,0,True,False,False,False,False,False,False,False,,0,0,0,0,0,0,0,0,0,0,0,0,0,0,0,0,0,0,0,0,0,0,0,0,0
15:51:42.193,127.5,104,0,256,0,True,False,False,False,False,False,False,False,,0,0,0,0,0,0,0,0,0,0,0,0,0,0,0,0,0,0,0,0,0,0,0,0,0
15:51:42.213,127.5,104,0,256,0,True,False,False,False,False,False,False,False,,0,0,0,0,0,0,0,0,0,0,0,0,0,0,0,0,0,0,0,0,0,0,0,0,0
15:51:42.233,127.5,104,0,256,0,True,False,False,False,False,False,False,False,,0,0,0,0,0,0,0,0,0,0,0,0,0,0,0,0,0,0,0,0,0,0,0,0,0
15:51:42.253,127.5,104,0,256,0,True,False,False,False,False,False,False,False,,0,0,0,0,0,0,0,0,0,0,0,0,0,0,0,0,0,0,0,0,0,0,0,0,0
15:51:42.273,127.5,104,0,256,0,True,False,False,False,False,False,False,False,,0,0,0,0,0,0,0,0,0,0,0,0,0,0,0,0,0,0,0,0,0,0,0,0,0
15:51:42.293,127.5,104,0,256,0,True,False,False,False,False,False,False,False,,0,0,0,0,0,0,0,0,0,0,0,0,0,0,0,0,0,0,0,0,0,0,0,0,0
15:51:42.313,127.5,104,0,256,0,True,False,False,False,False,False,False,False,,0,0,0,0,0,0,0,0,0,0,0,0,0,0,0,0,0,0,0,0,0,0,0,0,0
15:51:42.333,127.5,104,0,256,0,True,False,False,False,False,False,False,False,,0,0,0,0,0,0,0,0,0,0,0,0,0,0,0,0,0,0,0,0,0,0,0,0,0
15:51:42.353,127.5,104,0,256,0,True,False,False,False,False,False,False,False,,0,0,0,0,0,0,0,0,0,0,0,0,0,0,0,0,0,0,0,0,0,0,0,0,0
15:51:42.373,127.5,104,0,256,0,True,False,False,False,False,False,False,False,,0,0,0,0,0,0,0,0,0,0,0,0,0,0,0,0,0,0,0,0,0,0,0,0,0
15:51:42.393,127.5,104,0,256,0,True,False,False,False,False,False,False,False,,0,0,0,0,0,0,0,0,0,0,0,0,0,0,0,0,0,0,0,0,0,0,0,0,0
15:51:42.413,127.5,104,0,256,0,True,False,False,False,False,False,False,False,,0,0,0,0,0,0,0,0,0,0,0,0,0,0,0,0,0,0,0,0,0,0,0,0,0
15:51:42.433,127.5,104,0,256,0,True,False,False,False,False,False,False,False,,0,0,0,0,0,0,0,0,0,0,0,0,0,0,0,0,0,0,0,0,0,0,0,0,0
15:51:42.453,127.5,104,0,256,0,True,False,False,False,False,False,False,False,,0,0,0,0,0,0,0,0,0,0,0,0,0,0,0,0,0,0,0,0,0,0,0,0,0
15:51:42.473,127.5,104,0,256,0,True,False,False,False,False,False,False,False,,0,0,0,0,0,0,0,0,0,0,0,0,0,0,0,0,0,0,0,0,0,0,0,0,0
15:51:42.493,127.5,104,0,256,0,True,False,False,False,False,False,False,False,,0,0,0,0,0,0,0,0,0,0,0,0,0,0,0,0,0,0,0,0,0,0,0,0,0
15:51:42.513,127.5,104,0,256,0,True,False,False,False,False,False,False,False,,0,0,0,0,0,0,0,0,0,0,0,0,0,0,0,0,0,0,0,0,0,0,0,0,0
15:51:42.533,127.5,100,0,256,0,True,False,False,False,False,False,False,False,,0,0,0,0,0,0,0,0,0,0,0,0,0,0,0,0,0,0,0,0,0,0,0,0,0
15:51:42.553,127.5,100,0,256,0,True,False,False,False,False,False,False,False,,0,0,0,0,0,0,0,0,0,0,0,0,0,0,0,0,0,0,0,0,0,0,0,0,0
15:51:42.573,127.5,100,0,256,0,True,False,False,False,False,False,False,False,,0,0,0,0,0,0,0,0,0,0,0,0,0,0,0,0,0,0,0,0,0,0,0,0,0
15:51:42.593,127.5,100,0,256,0,True,False,False,False,False,False,False,False,,0,0,0,0,0,0,0,0,0,0,0,0,0,0,0,0,0,0,0,0,0,0,0,0,0
15:51:42.613,127.5,100,0,256,0,True,False,False,False,False,False,False,False,,0,0,0,0,0,0,0,0,0,0,0,0,0,0,0,0,0,0,0,0,0,0,0,0,0
15:51:42.633,127.5,100,0,256,0,True,False,False,False,False,False,False,False,,0,0,0,0,0,0,0,0,0,0,0,0,0,0,0,0,0,0,0,0,0,0,0,0,0
15:51:42.653,127.5,100,0,256,0,True,False,False,False,False,False,False,False,,0,0,0,0,0,0,0,0,0,0,0,0,0,0,0,0,0,0,0,0,0,0,0,0,0
15:51:42.673,127.5,100,0,256,0,True,False,False,False,False,False,False,False,,0,0,0,0,0,0,0,0,0,0,0,0,0,0,0,0,0,0,0,0,0,0,0,0,0
15:51:42.693,127.5,100,0,256,0,True,False,False,False,False,False,False,False,,0,0,0,0,0,0,0,0,0,0,0,0,0,0,0,0,0,0,0,0,0,0,0,0,0
15:51:42.713,127.5,100,0,256,0,True,False,False,False,False,False,False,False,,0,0,0,0,0,0,0,0,0,0,0,0,0,0,0,0,0,0,0,0,0,0,0,0,0
15:51:42.733,127.5,100,0,256,0,True,False,False,False,False,False,False,False,,0,0,0,0,0,0,0,0,0,0,0,0,0,0,0,0,0,0,0,0,0,0,0,0,0
15:51:42.753,127.5,100,0,256,0,True,False,False,False,False,False,False,False,,0,0,0,0,0,0,0,0,0,0,0,0,0,0,0,0,0,0,0,0,0,0,0,0,0
15:51:42.773,127.5,100,0,256,0,True,False,False,False,False,False,False,False,,0,0,0,0,0,0,0,0,0,0,0,0,0,0,0,0,0,0,0,0,0,0,0,0,0
15:51:42.793,127.5,100,0,256,0,True,False,False,False,False,False,False,False,,0,0,0,0,0,0,0,0,0,0,0,0,0,0,0,0,0,0,0,0,0,0,0,0,0
15:51:42.813,127.5,100,0,256,0,True,False,False,False,False,False,False,False,,0,0,0,0,0,0,0,0,0,0,0,0,0,0,0,0,0,0,0,0,0,0,0,0,0
15:51:42.833,127.5,100,0,256,0,True,False,False,False,False,False,False,False,,0,0,0,0,0,0,0,0,0,0,0,0,0,0,0,0,0,0,0,0,0,0,0,0,0
15:51:42.853,127.5,100,0,256,0,True,False,False,False,False,False,False,False,,0,0,0,0,0,0,0,0,0,0,0,0,0,0,0,0,0,0,0,0,0,0,0,0,0
15:51:42.873,127.5,100,0,256,0,True,False,False,False,False,False,False,False,,0,0,0,0,0,0,0,0,0,0,0,0,0,0,0,0,0,0,0,0,0,0,0,0,0
15:51:42.893,127.5,100,0,256,0,True,False,False,False,False,False,False,False,,0,0,0,0,0,0,0,0,0,0,0,0,0,0,0,0,0,0,0,0,0,0,0,0,0
15:51:42.913,127.5,100,0,256,0,True,False,False,False,False,False,False,False,,0,0,0,0,0,0,0,0,0,0,0,0,0,0,0,0,0,0,0,0,0,0,0,0,0
15:51:42.933,127.5,100,0,256,0,True,False,False,False,False,False,False,False,,0,0,0,0,0,0,0,0,0,0,0,0,0,0,0,0,0,0,0,0,0,0,0,0,0
15:51:42.953,127.5,100,0,256,0,True,False,False,False,False,False,False,False,,0,0,0,0,0,0,0,0,0,0,0,0,0,0,0,0,0,0,0,0,0,0,0,0,0
15:51:42.973,127.5,100,0,256,0,True,False,False,False,False,False,False,False,,0,0,0,0,0,0,0,0,0,0,0,0,0,0,0,0,0,0,0,0,0,0,0,0,0
15:51:42.993,127.5,100,0,256,0,True,False,False,False,False,False,False,False,,0,0,0,0,0,0,0,0,0,0,0,0,0,0,0,0,0,0,0,0,0,0,0,0,0
15:51:43.013,127.5,100,0,256,0,True,False,False,False,False,False,False,False,,0,0,0,0,0,0,0,0,0,0,0,0,0,0,0,0,0,0,0,0,0,0,0,0,0
15:51:43.033,127.5,100,0,256,0,True,False,False,False,False,False,False,False,,0,0,0,0,0,0,0,0,0,0,0,0,0,0,0,0,0,0,0,0,0,0,0,0,0
15:51:43.053,127.5,100,0,256,0,True,False,False,False,False,False,False,False,,0,0,0,0,0,0,0,0,0,0,0,0,0,0,0,0,0,0,0,0,0,0,0,0,0
15:51:43.073,127.5,100,0,256,0,True,False,False,False,False,False,False,False,,0,0,0,0,0,0,0,0,0,0,0,0,0,0,0,0,0,0,0,0,0,0,0,0,0
15:51:43.093,127.5,100,0,256,0,True,False,False,False,False,False,False,False,,0,0,0,0,0,0,0,0,0,0,0,0,0,0,0,0,0,0,0,0,0,0,0,0,0
15:51:43.113,127.5,100,0,256,0,True,False,False,False,False,False,False,False,,0,0,0,0,0,0,0,0,0,0,0,0,0,0,0,0,0,0,0,0,0,0,0,0,0
15:51:43.133,127.5,100,0,256,0,True,False,False,False,False,False,False,False,,0,0,0,0,0,0,0,0,0,0,0,0,0,0,0,0,0,0,0,0,0,0,0,0,0
15:51:43.153,127.5,100,0,256,0,True,False,False,False,False,False,False,False,,0,0,0,0,0,0,0,0,0,0,0,0,0,0,0,0,0,0,0,0,0,0,0,0,0
15:51:43.173,127.5,100,0,256,0,True,False,False,False,False,False,False,False,,0,0,0,0,0,0,0,0,0,0,0,0,0,0,0,0,0,0,0,0,0,0,0,0,0
15:51:43.193,127.5,100,0,256,0,True,False,False,False,False,False,False,False,,0,0,0,0,0,0,0,0,0,0,0,0,0,0,0,0,0,0,0,0,0,0,0,0,0
15:51:43.213,127.5,100,0,256,0,True,False,False,False,False,False,False,False,,0,0,0,0,0,0,0,0,0,0,0,0,0,0,0,0,0,0,0,0,0,0,0,0,0
15:51:43.233,127.5,100,0,256,0,True,False,False,False,False,False,False,False,,0,0,0,0,0,0,0,0,0,0,0,0,0,0,0,0,0,0,0,0,0,0,0,0,0
15:51:43.253,127.5,100,0,256,0,True,False,False,False,False,False,False,False,,0,0,0,0,0,0,0,0,0,0,0,0,0,0,0,0,0,0,0,0,0,0,0,0,0
15:51:43.273,127.5,100,0,256,0,True,False,False,False,False,False,False,False,,0,0,0,0,0,0,0,0,0,0,0,0,0,0,0,0,0,0,0,0,0,0,0,0,0
15:51:43.293,127.5,100,0,256,0,True,False,False,False,False,False,False,False,,0,0,0,0,0,0,0,0,0,0,0,0,0,0,0,0,0,0,0,0,0,0,0,0,0
15:51:43.313,127.5,100,0,256,0,True,False,False,False,False,False,False,False,,0,0,0,0,0,0,0,0,0,0,0,0,0,0,0,0,0,0,0,0,0,0,0,0,0
15:51:43.333,127.5,100,0,256,0,True,False,False,False,False,False,False,False,,0,0,0,0,0,0,0,0,0,0,0,0,0,0,0,0,0,0,0,0,0,0,0,0,0
15:51:43.353,127.5,100,0,256,0,True,False,False,False,False,False,False,False,,0,0,0,0,0,0,0,0,0,0,0,0,0,0,0,0,0,0,0,0,0,0,0,0,0
15:51:43.373,127.5,100,0,256,0,True,False,False,False,False,False,False,False,,0,0,0,0,0,0,0,0,0,0,0,0,0,0,0,0,0,0,0,0,0,0,0,0,0
15:51:43.393,127.5,100,0,256,0,True,False,False,False,False,False,False,False,,0,0,0,0,0,0,0,0,0,0,0,0,0,0,0,0,0,0,0,0,0,0,0,0,0
15:51:43.413,127.5,100,0,256,0,True,False,False,False,False,False,False,False,,0,0,0,0,0,0,0,0,0,0,0,0,0,0,0,0,0,0,0,0,0,0,0,0,0
15:51:43.433,127.5,100,0,256,0,True,False,False,False,False,False,False,False,,0,0,0,0,0,0,0,0,0,0,0,0,0,0,0,0,0,0,0,0,0,0,0,0,0
15:51:43.453,127.5,100,0,256,0,True,False,False,False,False,False,False,False,,0,0,0,0,0,0,0,0,0,0,0,0,0,0,0,0,0,0,0,0,0,0,0,0,0
15:51:43.473,127.5,100,0,256,0,True,False,False,False,False,False,False,False,,0,0,0,0,0,0,0,0,0,0,0,0,0,0,0,0,0,0,0,0,0,0,0,0,0
15:51:43.493,127.5,100,0,256,0,True,False,False,False,False,False,False,False,,0,0,0,0,0,0,0,0,0,0,0,0,0,0,0,0,0,0,0,0,0,0,0,0,0
15:51:43.513,127.5,100,0,256,0,True,False,False,False,False,False,False,False,,0,0,0,0,0,0,0,0,0,0,0,0,0,0,0,0,0,0,0,0,0,0,0,0,0
15:51:43.533,127.5,100,0,256,0,True,False,False,False,False,False,False,False,,0,0,0,0,0,0,0,0,0,0,0,0,0,0,0,0,0,0,0,0,0,0,0,0,0
15:51:43.553,127.5,100,0,256,0,True,False,False,False,False,False,False,False,,0,0,0,0,0,0,0,0,0,0,0,0,0,0,0,0,0,0,0,0,0,0,0,0,0
15:51:43.573,127.5,100,0,256,0,True,False,False,False,False,False,False,False,,0,0,0,0,0,0,0,0,0,0,0,0,0,0,0,0,0,0,0,0,0,0,0,0,0
15:51:43.593,127.5,100,0,256,0,True,False,False,False,False,False,False,False,,0,0,0,0,0,0,0,0,0,0,0,0,0,0,0,0,0,0,0,0,0,0,0,0,0
15:51:43.613,127.5,100,0,256,0,True,False,False,False,False,False,False,False,,0,0,0,0,0,0,0,0,0,0,0,0,0,0,0,0,0,0,0,0,0,0,0,0,0
15:51:43.633,127.5,100,0,256,0,True,False,False,False,False,False,False,False,,0,0,0,0,0,0,0,0,0,0,0,0,0,0,0,0,0,0,0,0,0,0,0,0,0
15:51:43.653,127.5,100,0,256,0,True,False,False,False,False,False,False,False,,0,0,0,0,0,0,0,0,0,0,0,0,0,0,0,0,0,0,0,0,0,0,0,0,0
15:51:43.673,127.5,100,0,256,0,True,False,False,False,False,False,False,False,,0,0,0,0,0,0,0,0,0,0,0,0,0,0,0,0,0,0,0,0,0,0,0,0,0
15:51:43.693,127.5,100,0,256,0,True,False,False,False,False,False,False,False,,0,0,0,0,0,0,0,0,0,0,0,0,0,0,0,0,0,0,0,0,0,0,0,0,0
15:51:43.713,127.5,100,0,256,0,True,False,False,False,False,False,False,False,,0,0,0,0,0,0,0,0,0,0,0,0,0,0,0,0,0,0,0,0,0,0,0,0,0
15:51:43.733,127.5,100,0,256,0,True,False,False,False,False,False,False,False,,0,0,0,0,0,0,0,0,0,0,0,0,0,0,0,0,0,0,0,0,0,0,0,0,0
15:51:43.753,127.5,100,0,256,0,True,False,False,False,False,False,False,False,,0,0,0,0,0,0,0,0,0,0,0,0,0,0,0,0,0,0,0,0,0,0,0,0,0
15:51:43.773,127.5,100,0,256,0,True,False,False,False,False,False,False,False,,0,0,0,0,0,0,0,0,0,0,0,0,0,0,0,0,0,0,0,0,0,0,0,0,0
15:51:43.793,127.5,100,0,256,0,True,False,False,False,False,False,False,False,,0,0,0,0,0,0,0,0,0,0,0,0,0,0,0,0,0,0,0,0,0,0,0,0,0
15:51:43.813,127.5,100,0,256,0,True,False,False,False,False,False,False,False,,0,0,0,0,0,0,0,0,0,0,0,0,0,0,0,0,0,0,0,0,0,0,0,0,0
15:51:43.833,127.5,100,0,256,0,True,False,False,False,False,False,False,False,,0,0,0,0,0,0,0,0,0,0,0,0,0,0,0,0,0,0,0,0,0,0,0,0,0
15:51:43.853,127.5,100,0,256,0,True,False,False,False,False,False,False,False,,0,0,0,0,0,0,0,0,0,0,0,0,0,0,0,0,0,0,0,0,0,0,0,0,0
15:51:43.873,127.5,100,0,256,0,True,False,False,False,False,False,False,False,,0,0,0,0,0,0,0,0,0,0,0,0,0,0,0,0,0,0,0,0,0,0,0,0,0
15:51:43.893,127.5,100,0,256,0,True,False,False,False,False,False,False,False,,0,0,0,0,0,0,0,0,0,0,0,0,0,0,0,0,0,0,0,0,0,0,0,0,0
15:51:43.913,127.5,100,0,256,0,True,False,False,False,False,False,False,False,,0,0,0,0,0,0,0,0,0,0,0,0,0,0,0,0,0,0,0,0,0,0,0,0,0
15:51:43.933,127.5,100,0,256,0,True,False,False,False,False,False,False,False,,0,0,0,0,0,0,0,0,0,0,0,0,0,0,0,0,0,0,0,0,0,0,0,0,0
15:51:43.953,127.5,100,0,256,0,True,False,False,False,False,False,False,False,,0,0,0,0,0,0,0,0,0,0,0,0,0,0,0,0,0,0,0,0,0,0,0,0,0
15:51:43.973,127.5,100,0,256,0,True,False,False,False,False,False,False,False,,0,0,0,0,0,0,0,0,0,0,0,0,0,0,0,0,0,0,0,0,0,0,0,0,0
15:51:43.993,127.5,100,0,256,0,True,False,False,False,False,False,False,False,,0,0,0,0,0,0,0,0,0,0,0,0,0,0,0,0,0,0,0,0,0,0,0,0,0
15:51:44.013,127.5,100,0,256,0,True,False,False,False,False,False,False,False,,0,0,0,0,0,0,0,0,0,0,0,0,0,0,0,0,0,0,0,0,0,0,0,0,0
15:51:44.033,127.5,100,0,256,0,True,False,False,False,False,False,False,False,,0,0,0,0,0,0,0,0,0,0,0,0,0,0,0,0,0,0,0,0,0,0,0,0,0
15:51:44.053,127.5,100,0,256,0,True,False,False,False,False,False,False,False,,0,0,0,0,0,0,0,0,0,0,0,0,0,0,0,0,0,0,0,0,0,0,0,0,0
15:51:44.073,127.5,100,0,256,0,True,False,False,False,False,False,False,False,,0,0,0,0,0,0,0,0,0,0,0,0,0,0,0,0,0,0,0,0,0,0,0,0,0
15:51:44.093,127.5,100,0,256,0,True,False,False,False,False,False,False,False,,0,0,0,0,0,0,0,0,0,0,0,0,0,0,0,0,0,0,0,0,0,0,0,0,0
15:51:44.113,127.5,100,0,256,0,True,False,False,False,False,False,False,False,,0,0,0,0,0,0,0,0,0,0,0,0,0,0,0,0,0,0,0,0,0,0,0,0,0
15:51:44.133,127.5,100,0,256,0,True,False,False,False,False,False,False,False,,0,0,0,0,0,0,0,0,0,0,0,0,0,0,0,0,0,0,0,0,0,0,0,0,0
15:51:44.153,127.5,100,0,256,0,True,False,False,False,False,False,False,False,,0,0,0,0,0,0,0,0,0,0,0,0,0,0,0,0,0,0,0,0,0,0,0,0,0
15:51:44.173,127.5,100,0,256,0,True,False,False,False,False,False,False,False,,0,0,0,0,0,0,0,0,0,0,0,0,0,0,0,0,0,0,0,0,0,0,0,0,0
15:51:44.193,127.5,100,0,256,0,True,False,False,False,False,False,False,False,,0,0,0,0,0,0,0,0,0,0,0,0,0,0,0,0,0,0,0,0,0,0,0,0,0
15:51:44.213,127.5,100,0,256,0,True,False,False,False,False,False,False,False,,0,0,0,0,0,0,0,0,0,0,0,0,0,0,0,0,0,0,0,0,0,0,0,0,0
15:51:44.233,127.5,100,0,256,0,True,False,False,False,False,False,False,False,,0,0,0,0,0,0,0,0,0,0,0,0,0,0,0,0,0,0,0,0,0,0,0,0,0
15:51:44.253,127.5,100,0,256,0,True,False,False,False,False,False,False,False,,0,0,0,0,0,0,0,0,0,0,0,0,0,0,0,0,0,0,0,0,0,0,0,0,0
15:51:44.273,127.5,100,0,256,0,True,False,False,False,False,False,False,False,,0,0,0,0,0,0,0,0,0,0,0,0,0,0,0,0,0,0,0,0,0,0,0,0,0
15:51:44.293,127.5,100,0,256,0,True,False,False,False,False,False,False,False,,0,0,0,0,0,0,0,0,0,0,0,0,0,0,0,0,0,0,0,0,0,0,0,0,0
15:51:44.313,127.5,100,0,256,0,True,False,False,False,False,False,False,False,,0,0,0,0,0,0,0,0,0,0,0,0,0,0,0,0,0,0,0,0,0,0,0,0,0
15:51:44.333,127.5,100,0,256,0,True,False,False,False,False,False,False,False,,0,0,0,0,0,0,0,0,0,0,0,0,0,0,0,0,0,0,0,0,0,0,0,0,0
15:51:44.353,127.5,100,0,256,0,True,False,False,False,False,False,False,False,,0,0,0,0,0,0,0,0,0,0,0,0,0,0,0,0,0,0,0,0,0,0,0,0,0
15:51:44.373,127.5,100,0,256,0,True,False,False,False,False,False,False,False,,0,0,0,0,0,0,0,0,0,0,0,0,0,0,0,0,0,0,0,0,0,0,0,0,0
15:51:44.393,127.5,100,0,256,0,True,False,False,False,False,False,False,False,,0,0,0,0,0,0,0,0,0,0,0,0,0,0,0,0,0,0,0,0,0,0,0,0,0
15:51:44.413,127.5,100,0,256,0,True,False,False,False,False,False,False,False,,0,0,0,0,0,0,0,0,0,0,0,0,0,0,0,0,0,0,0,0,0,0,0,0,0
15:51:44.433,127.5,100,0,256,0,True,False,False,False,False,False,False,False,,0,0,0,0,0,0,0,0,0,0,0,0,0,0,0,0,0,0,0,0,0,0,0,0,0
15:51:44.453,127.5,100,0,256,0,True,False,False,False,False,False,False,False,,0,0,0,0,0,0,0,0,0,0,0,0,0,0,0,0,0,0,0,0,0,0,0,0,0
15:51:44.473,127.5,100,0,256,0,True,False,False,False,False,False,False,False,,0,0,0,0,0,0,0,0,0,0,0,0,0,0,0,0,0,0,0,0,0,0,0,0,0
15:51:44.493,127.5,100,0,256,0,True,False,False,False,False,False,False,False,,0,0,0,0,0,0,0,0,0,0,0,0,0,0,0,0,0,0,0,0,0,0,0,0,0
15:51:44.513,127.5,100,0,256,0,True,False,False,False,False,False,False,False,,0,0,0,0,0,0,0,0,0,0,0,0,0,0,0,0,0,0,0,0,0,0,0,0,0
15:51:44.533,127.5,100,0,256,0,True,False,False,False,False,False,False,False,,0,0,0,0,0,0,0,0,0,0,0,0,0,0,0,0,0,0,0,0,0,0,0,0,0
15:51:44.553,127.5,100,0,256,0,True,False,False,False,False,False,False,False,,0,0,0,0,0,0,0,0,0,0,0,0,0,0,0,0,0,0,0,0,0,0,0,0,0
15:51:44.573,127.5,100,0,256,0,True,False,False,False,False,False,False,False,,0,0,0,0,0,0,0,0,0,0,0,0,0,0,0,0,0,0,0,0,0,0,0,0,0
15:51:44.593,127.5,100,0,256,0,True,False,False,False,False,False,False,False,,0,0,0,0,0,0,0,0,0,0,0,0,0,0,0,0,0,0,0,0,0,0,0,0,0
15:51:44.613,127.5,100,0,256,0,True,False,False,False,False,False,False,False,,0,0,0,0,0,0,0,0,0,0,0,0,0,0,0,0,0,0,0,0,0,0,0,0,0
15:51:44.633,127.5,100,0,256,0,True,False,False,False,False,False,False,False,,0,0,0,0,0,0,0,0,0,0,0,0,0,0,0,0,0,0,0,0,0,0,0,0,0
15:51:44.653,127.5,100,0,256,0,True,False,False,False,False,False,False,False,,0,0,0,0,0,0,0,0,0,0,0,0,0,0,0,0,0,0,0,0,0,0,0,0,0
15:51:44.673,127.5,100,0,256,0,True,False,False,False,False,False,False,False,,0,0,0,0,0,0,0,0,0,0,0,0,0,0,0,0,0,0,0,0,0,0,0,0,0
15:51:44.693,127.5,100,0,256,0,True,False,False,False,False,False,False,False,,0,0,0,0,0,0,0,0,0,0,0,0,0,0,0,0,0,0,0,0,0,0,0,0,0
15:51:44.713,127.5,100,0,256,0,True,False,False,False,False,False,False,False,,0,0,0,0,0,0,0,0,0,0,0,0,0,0,0,0,0,0,0,0,0,0,0,0,0
15:51:44.733,127.5,100,0,256,0,True,False,False,False,False,False,False,False,,0,0,0,0,0,0,0,0,0,0,0,0,0,0,0,0,0,0,0,0,0,0,0,0,0
15:51:44.753,127.5,100,0,256,0,True,False,False,False,False,False,False,False,,0,0,0,0,0,0,0,0,0,0,0,0,0,0,0,0,0,0,0,0,0,0,0,0,0
15:51:44.773,127.5,100,0,256,0,True,False,False,False,False,False,False,False,,0,0,0,0,0,0,0,0,0,0,0,0,0,0,0,0,0,0,0,0,0,0,0,0,0
15:51:44.793,127.5,100,0,256,0,True,False,False,False,False,False,False,False,,0,0,0,0,0,0,0,0,0,0,0,0,0,0,0,0,0,0,0,0,0,0,0,0,0
15:51:44.813,127.5,100,0,256,0,True,False,False,False,False,False,False,False,,0,0,0,0,0,0,0,0,0,0,0,0,0,0,0,0,0,0,0,0,0,0,0,0,0
15:51:44.833,127.5,100,0,256,0,True,False,False,False,False,False,False,False,,0,0,0,0,0,0,0,0,0,0,0,0,0,0,0,0,0,0,0,0,0,0,0,0,0
15:51:44.853,127.5,100,0,256,0,True,False,False,False,False,False,False,False,,0,0,0,0,0,0,0,0,0,0,0,0,0,0,0,0,0,0,0,0,0,0,0,0,0
15:51:44.873,127.5,100,0,256,0,True,False,False,False,False,False,False,False,,0,0,0,0,0,0,0,0,0,0,0,0,0,0,0,0,0,0,0,0,0,0,0,0,0
15:51:44.893,127.5,100,0,256,0,True,False,False,False,False,False,False,False,,0,0,0,0,0,0,0,0,0,0,0,0,0,0,0,0,0,0,0,0,0,0,0,0,0
15:51:44.913,127.5,100,0,256,0,True,False,False,False,False,False,False,False,,0,0,0,0,0,0,0,0,0,0,0,0,0,0,0,0,0,0,0,0,0,0,0,0,0
15:51:44.933,127.5,100,0,256,0,True,False,False,False,False,False,False,False,,0,0,0,0,0,0,0,0,0,0,0,0,0,0,0,0,0,0,0,0,0,0,0,0,0
15:51:44.953,127.5,100,0,256,0,True,False,False,False,False,False,False,False,,0,0,0,0,0,0,0,0,0,0,0,0,0,0,0,0,0,0,0,0,0,0,0,0,0
15:51:44.973,127.5,100,0,256,0,True,False,False,False,False,False,False,False,,0,0,0,0,0,0,0,0,0,0,0,0,0,0,0,0,0,0,0,0,0,0,0,0,0
15:51:44.993,127.5,100,0,256,0,True,False,False,False,False,False,False,False,,0,0,0,0,0,0,0,0,0,0,0,0,0,0,0,0,0,0,0,0,0,0,0,0,0
15:51:45.013,127.5,100,0,256,0,True,False,False,False,False,False,False,False,,0,0,0,0,0,0,0,0,0,0,0,0,0,0,0,0,0,0,0,0,0,0,0,0,0
15:51:45.033,127.5,100,0,256,0,True,False,False,False,False,False,False,False,,0,0,0,0,0,0,0,0,0,0,0,0,0,0,0,0,0,0,0,0,0,0,0,0,0
15:51:45.053,127.5,100,0,256,0,True,False,False,False,False,False,False,False,,0,0,0,0,0,0,0,0,0,0,0,0,0,0,0,0,0,0,0,0,0,0,0,0,0
15:51:45.073,127.5,100,0,256,0,True,False,False,False,False,False,False,False,,0,0,0,0,0,0,0,0,0,0,0,0,0,0,0,0,0,0,0,0,0,0,0,0,0
15:51:45.093,127.5,100,0,256,0,True,False,False,False,False,False,False,False,,0,0,0,0,0,0,0,0,0,0,0,0,0,0,0,0,0,0,0,0,0,0,0,0,0
15:51:45.113,127.5,100,0,256,0,True,False,False,False,False,False,False,False,,0,0,0,0,0,0,0,0,0,0,0,0,0,0,0,0,0,0,0,0,0,0,0,0,0
15:51:45.133,127.5,100,0,256,0,True,False,False,False,False,False,False,False,,0,0,0,0,0,0,0,0,0,0,0,0,0,0,0,0,0,0,0,0,0,0,0,0,0
15:51:45.153,127.5,100,0,256,0,True,False,False,False,False,False,False,False,,0,0,0,0,0,0,0,0,0,0,0,0,0,0,0,0,0,0,0,0,0,0,0,0,0
15:51:45.173,127.5,100,0,256,0,True,False,False,False,False,False,False,False,,0,0,0,0,0,0,0,0,0,0,0,0,0,0,0,0,0,0,0,0,0,0,0,0,0
15:51:45.193,127.5,100,0,256,0,True,False,False,False,False,False,False,False,,0,0,0,0,0,0,0,0,0,0,0,0,0,0,0,0,0,0,0,0,0,0,0,0,0
15:51:45.213,127.5,100,0,256,0,True,False,False,False,False,False,False,False,,0,0,0,0,0,0,0,0,0,0,0,0,0,0,0,0,0,0,0,0,0,0,0,0,0
15:51:45.233,127.5,100,0,256,0,True,False,False,False,False,False,False,False,,0,0,0,0,0,0,0,0,0,0,0,0,0,0,0,0,0,0,0,0,0,0,0,0,0
15:51:45.253,127.5,100,0,256,0,True,False,False,False,False,False,False,False,,0,0,0,0,0,0,0,0,0,0,0,0,0,0,0,0,0,0,0,0,0,0,0,0,0
15:51:45.273,127.5,100,0,256,0,True,False,False,False,False,False,False,False,,0,0,0,0,0,0,0,0,0,0,0,0,0,0,0,0,0,0,0,0,0,0,0,0,0
15:51:45.293,127.5,100,0,256,0,True,False,False,False,False,False,False,False,,0,0,0,0,0,0,0,0,0,0,0,0,0,0,0,0,0,0,0,0,0,0,0,0,0
15:51:45.313,127.5,100,0,256,0,True,False,False,False,False,False,False,False,,0,0,0,0,0,0,0,0,0,0,0,0,0,0,0,0,0,0,0,0,0,0,0,0,0
15:51:45.333,127.5,100,0,256,0,True,False,False,False,False,False,False,False,,0,0,0,0,0,0,0,0,0,0,0,0,0,0,0,0,0,0,0,0,0,0,0,0,0
15:51:45.353,127.5,100,0,256,0,True,False,False,False,False,False,False,False,,0,0,0,0,0,0,0,0,0,0,0,0,0,0,0,0,0,0,0,0,0,0,0,0,0
15:51:45.373,127.5,100,0,256,0,True,False,False,False,False,False,False,False,,0,0,0,0,0,0,0,0,0,0,0,0,0,0,0,0,0,0,0,0,0,0,0,0,0
15:51:45.393,127.5,100,0,256,0,True,False,False,False,False,False,False,False,,0,0,0,0,0,0,0,0,0,0,0,0,0,0,0,0,0,0,0,0,0,0,0,0,0
15:51:45.413,127.5,100,0,256,0,True,False,False,False,False,False,False,False,,0,0,0,0,0,0,0,0,0,0,0,0,0,0,0,0,0,0,0,0,0,0,0,0,0
15:51:45.433,127.5,100,0,256,0,True,False,False,False,False,False,False,False,,0,0,0,0,0,0,0,0,0,0,0,0,0,0,0,0,0,0,0,0,0,0,0,0,0
15:51:45.453,127.5,100,0,256,0,True,False,False,False,False,False,False,False,,0,0,0,0,0,0,0,0,0,0,0,0,0,0,0,0,0,0,0,0,0,0,0,0,0
15:51:45.473,127.5,100,0,256,0,True,False,False,False,False,False,False,False,,0,0,0,0,0,0,0,0,0,0,0,0,0,0,0,0,0,0,0,0,0,0,0,0,0
15:51:45.493,127.5,100,0,256,0,True,False,False,False,False,False,False,False,,0,0,0,0,0,0,0,0,0,0,0,0,0,0,0,0,0,0,0,0,0,0,0,0,0
15:51:45.513,127.5,100,0,256,0,True,False,False,False,False,False,False,False,,0,0,0,0,0,0,0,0,0,0,0,0,0,0,0,0,0,0,0,0,0,0,0,0,0
15:51:45.533,127.5,100,0,256,0,True,False,False,False,False,False,False,False,,0,0,0,0,0,0,0,0,0,0,0,0,0,0,0,0,0,0,0,0,0,0,0,0,0
15:51:45.553,127.5,100,0,256,0,True,False,False,False,False,False,False,False,,0,0,0,0,0,0,0,0,0,0,0,0,0,0,0,0,0,0,0,0,0,0,0,0,0
15:51:45.573,127.5,100,0,256,0,True,False,False,False,False,False,False,False,,0,0,0,0,0,0,0,0,0,0,0,0,0,0,0,0,0,0,0,0,0,0,0,0,0
15:51:45.593,127.5,100,0,256,0,True,False,False,False,False,False,False,False,,0,0,0,0,0,0,0,0,0,0,0,0,0,0,0,0,0,0,0,0,0,0,0,0,0
15:51:45.613,127.5,100,0,256,0,True,False,False,False,False,False,False,False,,0,0,0,0,0,0,0,0,0,0,0,0,0,0,0,0,0,0,0,0,0,0,0,0,0
15:51:45.633,127.5,100,0,256,0,True,False,False,False,False,False,False,False,,0,0,0,0,0,0,0,0,0,0,0,0,0,0,0,0,0,0,0,0,0,0,0,0,0
15:51:45.653,127.5,100,0,256,0,True,False,False,False,False,False,False,False,,0,0,0,0,0,0,0,0,0,0,0,0,0,0,0,0,0,0,0,0,0,0,0,0,0
15:51:45.673,127.5,100,0,256,0,True,False,False,False,False,False,False,False,,0,0,0,0,0,0,0,0,0,0,0,0,0,0,0,0,0,0,0,0,0,0,0,0,0
15:51:45.693,127.5,100,0,256,0,True,False,False,False,False,False,False,False,,0,0,0,0,0,0,0,0,0,0,0,0,0,0,0,0,0,0,0,0,0,0,0,0,0
15:51:45.713,127.5,100,0,256,0,True,False,False,False,False,False,False,False,,0,0,0,0,0,0,0,0,0,0,0,0,0,0,0,0,0,0,0,0,0,0,0,0,0
15:51:45.733,127.5,100,0,256,0,True,False,False,False,False,False,False,False,,0,0,0,0,0,0,0,0,0,0,0,0,0,0,0,0,0,0,0,0,0,0,0,0,0
15:51:45.753,127.5,100,0,256,0,True,False,False,False,False,False,False,False,,0,0,0,0,0,0,0,0,0,0,0,0,0,0,0,0,0,0,0,0,0,0,0,0,0
15:51:45.773,127.5,100,0,256,0,True,False,False,False,False,False,False,False,,0,0,0,0,0,0,0,0,0,0,0,0,0,0,0,0,0,0,0,0,0,0,0,0,0
15:51:45.793,127.5,100,0,256,0,True,False,False,False,False,False,False,False,,0,0,0,0,0,0,0,0,0,0,0,0,0,0,0,0,0,0,0,0,0,0,0,0,0
15:51:45.813,127.5,100,0,256,0,True,False,False,False,False,False,False,False,,0,0,0,0,0,0,0,0,0,0,0,0,0,0,0,0,0,0,0,0,0,0,0,0,0
15:51:45.833,127.5,100,0,256,0,True,False,False,False,False,False,False,False,,0,0,0,0,0,0,0,0,0,0,0,0,0,0,0,0,0,0,0,0,0,0,0,0,0
15:51:45.853,127.5,100,0,256,0,True,False,False,False,False,False,False,False,,0,0,0,0,0,0,0,0,0,0,0,0,0,0,0,0,0,0,0,0,0,0,0,0,0
15:51:45.873,127.5,100,0,256,0,True,False,False,False,False,False,False,False,,0,0,0,0,0,0,0,0,0,0,0,0,0,0,0,0,0,0,0,0,0,0,0,0,0
15:51:45.893,127.5,100,0,256,0,True,False,False,False,False,False,False,False,,0,0,0,0,0,0,0,0,0,0,0,0,0,0,0,0,0,0,0,0,0,0,0,0,0
15:51:45.913,127.5,100,0,256,0,True,False,False,False,False,False,False,False,,0,0,0,0,0,0,0,0,0,0,0,0,0,0,0,0,0,0,0,0,0,0,0,0,0
15:51:45.933,127.5,100,0,256,0,True,False,False,False,False,False,False,False,,0,0,0,0,0,0,0,0,0,0,0,0,0,0,0,0,0,0,0,0,0,0,0,0,0
15:51:45.953,127.5,100,0,256,0,True,False,False,False,False,False,False,False,,0,0,0,0,0,0,0,0,0,0,0,0,0,0,0,0,0,0,0,0,0,0,0,0,0
15:51:45.973,127.5,100,0,256,0,True,False,False,False,False,False,False,False,,0,0,0,0,0,0,0,0,0,0,0,0,0,0,0,0,0,0,0,0,0,0,0,0,0
15:51:45.993,127.5,100,0,256,0,True,False,False,False,False,False,False,False,,0,0,0,0,0,0,0,0,0,0,0,0,0,0,0,0,0,0,0,0,0,0,0,0,0
15:51:46.013,127.5,100,0,256,0,True,False,False,False,False,False,False,False,,0,0,0,0,0,0,0,0,0,0,0,0,0,0,0,0,0,0,0,0,0,0,0,0,0
15:51:46.033,127.5,100,0,256,0,True,False,False,False,False,False,False,False,,0,0,0,0,0,0,0,0,0,0,0,0,0,0,0,0,0,0,0,0,0,0,0,0,0
15:51:46.053,127.5,100,0,256,0,True,False,False,False,False,False,False,False,,0,0,0,0,0,0,0,0,0,0,0,0,0,0,0,0,0,0,0,0,0,0,0,0,0
15:51:46.073,127.5,100,0,256,0,True,False,False,False,False,False,False,False,,0,0,0,0,0,0,0,0,0,0,0,0,0,0,0,0,0,0,0,0,0,0,0,0,0
15:51:46.093,127.5,100,0,256,0,True,False,False,False,False,False,False,False,,0,0,0,0,0,0,0,0,0,0,0,0,0,0,0,0,0,0,0,0,0,0,0,0,0
15:51:46.113,127.5,100,0,256,0,True,False,False,False,False,False,False,False,,0,0,0,0,0,0,0,0,0,0,0,0,0,0,0,0,0,0,0,0,0,0,0,0,0
15:51:46.133,127.5,100,0,256,0,True,False,False,False,False,False,False,False,,0,0,0,0,0,0,0,0,0,0,0,0,0,0,0,0,0,0,0,0,0,0,0,0,0
15:51:46.153,127.5,164,0,256,0,True,False,False,False,False,False,False,False,,0,0,0,0,0,0,0,0,0,0,0,0,0,0,0,0,0,0,0,0,0,0,0,0,0
15:51:46.173,127.5,164,0,256,0,True,False,False,False,False,False,False,False,,0,0,0,0,0,0,0,0,0,0,0,0,0,0,0,0,0,0,0,0,0,0,0,0,0
15:51:46.193,127.5,164,0,256,0,True,False,False,False,False,False,False,False,,0,0,0,0,0,0,0,0,0,0,0,0,0,0,0,0,0,0,0,0,0,0,0,0,0
15:51:46.213,127.5,164,0,256,0,True,False,False,False,False,False,False,False,,0,0,0,0,0,0,0,0,0,0,0,0,0,0,0,0,0,0,0,0,0,0,0,0,0
15:51:46.233,127.5,164,0,256,0,True,False,False,False,False,False,False,False,,0,0,0,0,0,0,0,0,0,0,0,0,0,0,0,0,0,0,0,0,0,0,0,0,0
15:51:46.253,127.5,164,0,256,0,True,False,False,False,False,False,False,False,,0,0,0,0,0,0,0,0,0,0,0,0,0,0,0,0,0,0,0,0,0,0,0,0,0
15:51:46.273,127.5,164,0,256,0,True,False,False,False,False,False,False,False,,0,0,0,0,0,0,0,0,0,0,0,0,0,0,0,0,0,0,0,0,0,0,0,0,0
15:51:46.293,127.5,164,0,256,0,True,False,False,False,False,False,False,False,,0,0,0,0,0,0,0,0,0,0,0,0,0,0,0,0,0,0,0,0,0,0,0,0,0
15:51:46.313,127.5,164,0,256,0,True,False,False,False,False,False,False,False,,0,0,0,0,0,0,0,0,0,0,0,0,0,0,0,0,0,0,0,0,0,0,0,0,0
15:51:46.333,127.5,164,0,256,0,True,False,False,False,False,False,False,False,,0,0,0,0,0,0,0,0,0,0,0,0,0,0,0,0,0,0,0,0,0,0,0,0,0
15:51:46.353,127.5,164,0,256,0,True,False,False,False,False,False,False,False,,0,0,0,0,0,0,0,0,0,0,0,0,0,0,0,0,0,0,0,0,0,0,0,0,0
15:51:46.373,127.5,164,0,256,0,True,False,False,False,False,False,False,False,,0,0,0,0,0,0,0,0,0,0,0,0,0,0,0,0,0,0,0,0,0,0,0,0,0
15:51:46.393,127.5,164,0,256,0,True,False,False,False,False,False,False,False,,0,0,0,0,0,0,0,0,0,0,0,0,0,0,0,0,0,0,0,0,0,0,0,0,0
15:51:46.413,127.5,164,0,256,0,True,False,False,False,False,False,False,False,,0,0,0,0,0,0,0,0,0,0,0,0,0,0,0,0,0,0,0,0,0,0,0,0,0
15:51:46.433,127.5,164,0,256,0,True,False,False,False,False,False,False,False,,0,0,0,0,0,0,0,0,0,0,0,0,0,0,0,0,0,0,0,0,0,0,0,0,0
15:51:46.453,127.5,164,0,256,0,True,False,False,False,False,False,False,False,,0,0,0,0,0,0,0,0,0,0,0,0,0,0,0,0,0,0,0,0,0,0,0,0,0
15:51:46.473,127.5,164,0,256,0,True,False,False,False,False,False,False,False,,0,0,0,0,0,0,0,0,0,0,0,0,0,0,0,0,0,0,0,0,0,0,0,0,0
15:51:46.493,127.5,164,0,256,0,True,False,False,False,False,False,False,False,,0,0,0,0,0,0,0,0,0,0,0,0,0,0,0,0,0,0,0,0,0,0,0,0,0
15:51:46.513,127.5,164,0,256,0,True,False,False,False,False,False,False,False,,0,0,0,0,0,0,0,0,0,0,0,0,0,0,0,0,0,0,0,0,0,0,0,0,0
15:51:46.533,127.5,164,0,256,0,True,False,False,False,False,False,False,False,,0,0,0,0,0,0,0,0,0,0,0,0,0,0,0,0,0,0,0,0,0,0,0,0,0
15:51:46.553,127.5,164,0,256,0,True,False,False,False,False,False,False,False,,0,0,0,0,0,0,0,0,0,0,0,0,0,0,0,0,0,0,0,0,0,0,0,0,0
15:51:46.573,127.5,164,0,256,0,True,False,False,False,False,False,False,False,,0,0,0,0,0,0,0,0,0,0,0,0,0,0,0,0,0,0,0,0,0,0,0,0,0
15:51:46.593,127.5,164,0,256,0,True,False,False,False,False,False,False,False,,0,0,0,0,0,0,0,0,0,0,0,0,0,0,0,0,0,0,0,0,0,0,0,0,0
15:51:46.613,127.5,164,0,256,0,True,False,False,False,False,False,False,False,,0,0,0,0,0,0,0,0,0,0,0,0,0,0,0,0,0,0,0,0,0,0,0,0,0
15:51:46.633,127.5,164,0,256,0,True,False,False,False,False,False,False,False,,0,0,0,0,0,0,0,0,0,0,0,0,0,0,0,0,0,0,0,0,0,0,0,0,0
15:51:46.653,127.5,112,0,256,0,True,False,False,False,False,False,False,False,,0,0,0,0,0,0,0,0,0,0,0,0,0,0,0,0,0,0,0,0,0,0,0,0,0
15:51:46.673,127.5,112,0,256,0,True,False,False,False,False,False,False,False,,0,0,0,0,0,0,0,0,0,0,0,0,0,0,0,0,0,0,0,0,0,0,0,0,0
15:51:46.693,127.5,112,0,256,0,True,False,False,False,False,False,False,False,,0,0,0,0,0,0,0,0,0,0,0,0,0,0,0,0,0,0,0,0,0,0,0,0,0
15:51:46.713,127.5,112,0,256,0,True,False,False,False,False,False,False,False,,0,0,0,0,0,0,0,0,0,0,0,0,0,0,0,0,0,0,0,0,0,0,0,0,0
15:51:46.733,127.5,112,0,256,0,True,False,False,False,False,False,False,False,,0,0,0,0,0,0,0,0,0,0,0,0,0,0,0,0,0,0,0,0,0,0,0,0,0
15:51:46.753,127.5,112,0,256,0,True,False,False,False,False,False,False,False,,0,0,0,0,0,0,0,0,0,0,0,0,0,0,0,0,0,0,0,0,0,0,0,0,0
15:51:46.773,127.5,112,0,256,0,True,False,False,False,False,False,False,False,,0,0,0,0,0,0,0,0,0,0,0,0,0,0,0,0,0,0,0,0,0,0,0,0,0
15:51:46.793,127.5,112,0,256,0,True,False,False,False,False,False,False,False,,0,0,0,0,0,0,0,0,0,0,0,0,0,0,0,0,0,0,0,0,0,0,0,0,0
15:51:46.813,127.5,112,0,256,0,True,False,False,False,False,False,False,False,,0,0,0,0,0,0,0,0,0,0,0,0,0,0,0,0,0,0,0,0,0,0,0,0,0
15:51:46.833,127.5,112,0,256,0,True,False,False,False,False,False,False,False,,0,0,0,0,0,0,0,0,0,0,0,0,0,0,0,0,0,0,0,0,0,0,0,0,0
15:51:46.853,127.5,112,0,256,0,True,False,False,False,False,False,False,False,,0,0,0,0,0,0,0,0,0,0,0,0,0,0,0,0,0,0,0,0,0,0,0,0,0
15:51:46.873,127.5,112,0,256,0,True,False,False,False,False,False,False,False,,0,0,0,0,0,0,0,0,0,0,0,0,0,0,0,0,0,0,0,0,0,0,0,0,0
15:51:46.893,127.5,112,0,256,0,True,False,False,False,False,False,False,False,,0,0,0,0,0,0,0,0,0,0,0,0,0,0,0,0,0,0,0,0,0,0,0,0,0
15:51:46.913,127.5,112,0,256,0,True,False,False,False,False,False,False,False,,0,0,0,0,0,0,0,0,0,0,0,0,0,0,0,0,0,0,0,0,0,0,0,0,0
15:51:46.933,127.5,112,0,256,0,True,False,False,False,False,False,False,False,,0,0,0,0,0,0,0,0,0,0,0,0,0,0,0,0,0,0,0,0,0,0,0,0,0
15:51:46.953,127.5,112,0,256,0,True,False,False,False,False,False,False,False,,0,0,0,0,0,0,0,0,0,0,0,0,0,0,0,0,0,0,0,0,0,0,0,0,0
15:51:46.973,127.5,112,0,256,0,True,False,False,False,False,False,False,False,,0,0,0,0,0,0,0,0,0,0,0,0,0,0,0,0,0,0,0,0,0,0,0,0,0
15:51:46.993,127.5,112,0,256,0,True,False,False,False,False,False,False,False,,0,0,0,0,0,0,0,0,0,0,0,0,0,0,0,0,0,0,0,0,0,0,0,0,0
15:51:47.013,127.5,112,0,256,0,True,False,False,False,False,False,False,False,,0,0,0,0,0,0,0,0,0,0,0,0,0,0,0,0,0,0,0,0,0,0,0,0,0
15:51:47.033,127.5,112,0,256,0,True,False,False,False,False,False,False,False,,0,0,0,0,0,0,0,0,0,0,0,0,0,0,0,0,0,0,0,0,0,0,0,0,0
15:51:47.053,127.5,112,0,256,0,True,False,False,False,False,False,False,False,,0,0,0,0,0,0,0,0,0,0,0,0,0,0,0,0,0,0,0,0,0,0,0,0,0
15:51:47.073,127.5,112,0,256,0,True,False,False,False,False,False,False,False,,0,0,0,0,0,0,0,0,0,0,0,0,0,0,0,0,0,0,0,0,0,0,0,0,0
15:51:47.093,127.5,112,0,256,0,True,False,False,False,False,False,False,False,,0,0,0,0,0,0,0,0,0,0,0,0,0,0,0,0,0,0,0,0,0,0,0,0,0
15:51:47.113,127.5,112,0,256,0,True,False,False,False,False,False,False,False,,0,0,0,0,0,0,0,0,0,0,0,0,0,0,0,0,0,0,0,0,0,0,0,0,0
15:51:47.133,127.5,112,0,256,0,True,False,False,False,False,False,False,False,,0,0,0,0,0,0,0,0,0,0,0,0,0,0,0,0,0,0,0,0,0,0,0,0,0
15:51:47.153,127.5,112,0,256,0,True,False,False,False,False,False,False,False,,0,0,0,0,0,0,0,0,0,0,0,0,0,0,0,0,0,0,0,0,0,0,0,0,0
15:51:47.173,127.5,112,0,256,0,True,False,False,False,False,False,False,False,,0,0,0,0,0,0,0,0,0,0,0,0,0,0,0,0,0,0,0,0,0,0,0,0,0
15:51:47.193,127.5,104,0,256,0,True,False,False,False,False,False,False,False,,0,0,0,0,0,0,0,0,0,0,0,0,0,0,0,0,0,0,0,0,0,0,0,0,0
15:51:47.213,127.5,104,0,256,0,True,False,False,False,False,False,False,False,,0,0,0,0,0,0,0,0,0,0,0,0,0,0,0,0,0,0,0,0,0,0,0,0,0
15:51:47.233,127.5,104,0,256,0,True,False,False,False,False,False,False,False,,0,0,0,0,0,0,0,0,0,0,0,0,0,0,0,0,0,0,0,0,0,0,0,0,0
15:51:47.253,127.5,104,0,256,0,True,False,False,False,False,False,False,False,,0,0,0,0,0,0,0,0,0,0,0,0,0,0,0,0,0,0,0,0,0,0,0,0,0
15:51:47.273,127.5,104,0,256,0,True,False,False,False,False,False,False,False,,0,0,0,0,0,0,0,0,0,0,0,0,0,0,0,0,0,0,0,0,0,0,0,0,0
15:51:47.293,127.5,104,0,256,0,True,False,False,False,False,False,False,False,,0,0,0,0,0,0,0,0,0,0,0,0,0,0,0,0,0,0,0,0,0,0,0,0,0
15:51:47.313,127.5,104,0,256,0,True,False,False,False,False,False,False,False,,0,0,0,0,0,0,0,0,0,0,0,0,0,0,0,0,0,0,0,0,0,0,0,0,0
15:51:47.333,127.5,104,0,256,0,True,False,False,False,False,False,False,False,,0,0,0,0,0,0,0,0,0,0,0,0,0,0,0,0,0,0,0,0,0,0,0,0,0
15:51:47.353,127.5,104,0,256,0,True,False,False,False,False,False,False,False,,0,0,0,0,0,0,0,0,0,0,0,0,0,0,0,0,0,0,0,0,0,0,0,0,0
15:51:47.373,127.5,104,0,256,0,True,False,False,False,False,False,False,False,,0,0,0,0,0,0,0,0,0,0,0,0,0,0,0,0,0,0,0,0,0,0,0,0,0
15:51:47.393,127.5,104,0,256,0,True,False,False,False,False,False,False,False,,0,0,0,0,0,0,0,0,0,0,0,0,0,0,0,0,0,0,0,0,0,0,0,0,0
15:51:47.413,127.5,104,0,256,0,True,False,False,False,False,False,False,False,,0,0,0,0,0,0,0,0,0,0,0,0,0,0,0,0,0,0,0,0,0,0,0,0,0
15:51:47.433,127.5,104,0,256,0,True,False,False,False,False,False,False,False,,0,0,0,0,0,0,0,0,0,0,0,0,0,0,0,0,0,0,0,0,0,0,0,0,0
15:51:47.453,127.5,104,0,256,0,True,False,False,False,False,False,False,False,,0,0,0,0,0,0,0,0,0,0,0,0,0,0,0,0,0,0,0,0,0,0,0,0,0
15:51:47.473,127.5,104,0,256,0,True,False,False,False,False,False,False,False,,0,0,0,0,0,0,0,0,0,0,0,0,0,0,0,0,0,0,0,0,0,0,0,0,0
15:51:47.493,127.5,104,0,256,0,True,False,False,False,False,False,False,False,,0,0,0,0,0,0,0,0,0,0,0,0,0,0,0,0,0,0,0,0,0,0,0,0,0
15:51:47.513,127.5,104,0,256,0,True,False,False,False,False,False,False,False,,0,0,0,0,0,0,0,0,0,0,0,0,0,0,0,0,0,0,0,0,0,0,0,0,0
15:51:47.533,127.5,104,0,256,0,True,False,False,False,False,False,False,False,,0,0,0,0,0,0,0,0,0,0,0,0,0,0,0,0,0,0,0,0,0,0,0,0,0
15:51:47.553,127.5,104,0,256,0,True,False,False,False,False,False,False,False,,0,0,0,0,0,0,0,0,0,0,0,0,0,0,0,0,0,0,0,0,0,0,0,0,0
15:51:47.573,127.5,104,0,256,0,True,False,False,False,False,False,False,False,,0,0,0,0,0,0,0,0,0,0,0,0,0,0,0,0,0,0,0,0,0,0,0,0,0
15:51:47.593,127.5,104,0,256,0,True,False,False,False,False,False,False,False,,0,0,0,0,0,0,0,0,0,0,0,0,0,0,0,0,0,0,0,0,0,0,0,0,0
15:51:47.613,127.5,104,0,256,0,True,False,False,False,False,False,False,False,,0,0,0,0,0,0,0,0,0,0,0,0,0,0,0,0,0,0,0,0,0,0,0,0,0
15:51:47.633,127.5,104,0,256,0,True,False,False,False,False,False,False,False,,0,0,0,0,0,0,0,0,0,0,0,0,0,0,0,0,0,0,0,0,0,0,0,0,0
15:51:47.653,127.5,104,0,256,0,True,False,False,False,False,False,False,False,,0,0,0,0,0,0,0,0,0,0,0,0,0,0,0,0,0,0,0,0,0,0,0,0,0
15:51:47.673,127.5,104,0,256,0,True,False,False,False,False,False,False,False,,0,0,0,0,0,0,0,0,0,0,0,0,0,0,0,0,0,0,0,0,0,0,0,0,0
15:51:47.693,127.5,104,0,256,0,True,False,False,False,False,False,False,False,,0,0,0,0,0,0,0,0,0,0,0,0,0,0,0,0,0,0,0,0,0,0,0,0,0
15:51:47.713,127.5,100,0,256,0,True,False,False,False,False,False,False,False,,0,0,0,0,0,0,0,0,0,0,0,0,0,0,0,0,0,0,0,0,0,0,0,0,0
15:51:47.733,127.5,100,0,256,0,True,False,False,False,False,False,False,False,,0,0,0,0,0,0,0,0,0,0,0,0,0,0,0,0,0,0,0,0,0,0,0,0,0
15:51:47.753,127.5,100,0,256,0,True,False,False,False,False,False,False,False,,0,0,0,0,0,0,0,0,0,0,0,0,0,0,0,0,0,0,0,0,0,0,0,0,0
15:51:47.773,127.5,100,0,256,0,True,False,False,False,False,False,False,False,,0,0,0,0,0,0,0,0,0,0,0,0,0,0,0,0,0,0,0,0,0,0,0,0,0
15:51:47.793,127.5,100,0,256,0,True,False,False,False,False,False,False,False,,0,0,0,0,0,0,0,0,0,0,0,0,0,0,0,0,0,0,0,0,0,0,0,0,0
15:51:47.813,127.5,100,0,256,0,True,False,False,False,False,False,False,False,,0,0,0,0,0,0,0,0,0,0,0,0,0,0,0,0,0,0,0,0,0,0,0,0,0
15:51:47.833,127.5,100,0,256,0,True,False,False,False,False,False,False,False,,0,0,0,0,0,0,0,0,0,0,0,0,0,0,0,0,0,0,0,0,0,0,0,0,0
15:51:47.853,127.5,100,0,256,0,True,False,False,False,False,False,False,False,,0,0,0,0,0,0,0,0,0,0,0,0,0,0,0,0,0,0,0,0,0,0,0,0,0
15:51:47.873,127.5,100,0,256,0,True,False,False,False,False,False,False,False,,0,0,0,0,0,0,0,0,0,0,0,0,0,0,0,0,0,0,0,0,0,0,0,0,0
15:51:47.893,127.5,100,0,256,0,True,False,False,False,False,False,False,False,,0,0,0,0,0,0,0,0,0,0,0,0,0,0,0,0,0,0,0,0,0,0,0,0,0
15:51:47.913,127.5,100,0,256,0,True,False,False,False,False,False,False,False,,0,0,0,0,0,0,0,0,0,0,0,0,0,0,0,0,0,0,0,0,0,0,0,0,0
15:51:47.933,127.5,100,0,256,0,True,False,False,False,False,False,False,False,,0,0,0,0,0,0,0,0,0,0,0,0,0,0,0,0,0,0,0,0,0,0,0,0,0
15:51:47.953,127.5,100,0,256,0,True,False,False,False,False,False,False,False,,0,0,0,0,0,0,0,0,0,0,0,0,0,0,0,0,0,0,0,0,0,0,0,0,0
15:51:47.973,127.5,100,0,256,0,True,False,False,False,False,False,False,False,,0,0,0,0,0,0,0,0,0,0,0,0,0,0,0,0,0,0,0,0,0,0,0,0,0
15:51:47.993,127.5,100,0,256,0,True,False,False,False,False,False,False,False,,0,0,0,0,0,0,0,0,0,0,0,0,0,0,0,0,0,0,0,0,0,0,0,0,0
15:51:48.013,127.5,100,0,256,0,True,False,False,False,False,False,False,False,,0,0,0,0,0,0,0,0,0,0,0,0,0,0,0,0,0,0,0,0,0,0,0,0,0
15:51:48.033,127.5,100,0,256,0,True,False,False,False,False,False,False,False,,0,0,0,0,0,0,0,0,0,0,0,0,0,0,0,0,0,0,0,0,0,0,0,0,0
15:51:48.053,127.5,100,0,256,0,True,False,False,False,False,False,False,False,,0,0,0,0,0,0,0,0,0,0,0,0,0,0,0,0,0,0,0,0,0,0,0,0,0
15:51:48.073,127.5,100,0,256,0,True,False,False,False,False,False,False,False,,0,0,0,0,0,0,0,0,0,0,0,0,0,0,0,0,0,0,0,0,0,0,0,0,0
15:51:48.093,127.5,100,0,256,0,True,False,False,False,False,False,False,False,,0,0,0,0,0,0,0,0,0,0,0,0,0,0,0,0,0,0,0,0,0,0,0,0,0
15:51:48.113,127.5,100,0,256,0,True,False,False,False,False,False,False,False,,0,0,0,0,0,0,0,0,0,0,0,0,0,0,0,0,0,0,0,0,0,0,0,0,0
15:51:48.133,127.5,100,0,256,0,True,False,False,False,False,False,False,False,,0,0,0,0,0,0,0,0,0,0,0,0,0,0,0,0,0,0,0,0,0,0,0,0,0
15:51:48.153,127.5,100,0,256,0,True,False,False,False,False,False,False,False,,0,0,0,0,0,0,0,0,0,0,0,0,0,0,0,0,0,0,0,0,0,0,0,0,0
15:51:48.173,127.5,100,0,256,0,True,False,False,False,False,False,False,False,,0,0,0,0,0,0,0,0,0,0,0,0,0,0,0,0,0,0,0,0,0,0,0,0,0
15:51:48.193,127.5,100,0,256,0,True,False,False,False,False,False,False,False,,0,0,0,0,0,0,0,0,0,0,0,0,0,0,0,0,0,0,0,0,0,0,0,0,0
15:51:48.213,127.5,100,0,256,0,True,False,False,False,False,False,False,False,,0,0,0,0,0,0,0,0,0,0,0,0,0,0,0,0,0,0,0,0,0,0,0,0,0
15:51:48.233,127.5,100,0,256,0,True,False,False,False,False,False,False,False,,0,0,0,0,0,0,0,0,0,0,0,0,0,0,0,0,0,0,0,0,0,0,0,0,0
15:51:48.253,127.5,100,0,256,0,True,False,False,False,False,False,False,False,,0,0,0,0,0,0,0,0,0,0,0,0,0,0,0,0,0,0,0,0,0,0,0,0,0
15:51:48.273,127.5,100,0,256,0,True,False,False,False,False,False,False,False,,0,0,0,0,0,0,0,0,0,0,0,0,0,0,0,0,0,0,0,0,0,0,0,0,0
15:51:48.293,127.5,100,0,256,0,True,False,False,False,False,False,False,False,,0,0,0,0,0,0,0,0,0,0,0,0,0,0,0,0,0,0,0,0,0,0,0,0,0
15:51:48.313,127.5,100,0,256,0,True,False,False,False,False,False,False,False,,0,0,0,0,0,0,0,0,0,0,0,0,0,0,0,0,0,0,0,0,0,0,0,0,0
15:51:48.333,127.5,100,0,256,0,True,False,False,False,False,False,False,False,,0,0,0,0,0,0,0,0,0,0,0,0,0,0,0,0,0,0,0,0,0,0,0,0,0
15:51:48.353,127.5,100,0,256,0,True,False,False,False,False,False,False,False,,0,0,0,0,0,0,0,0,0,0,0,0,0,0,0,0,0,0,0,0,0,0,0,0,0
15:51:48.373,127.5,100,0,256,0,True,False,False,False,False,False,False,False,,0,0,0,0,0,0,0,0,0,0,0,0,0,0,0,0,0,0,0,0,0,0,0,0,0
15:51:48.393,127.5,100,0,256,0,True,False,False,False,False,False,False,False,,0,0,0,0,0,0,0,0,0,0,0,0,0,0,0,0,0,0,0,0,0,0,0,0,0
15:51:48.413,127.5,100,0,256,0,True,False,False,False,False,False,False,False,,0,0,0,0,0,0,0,0,0,0,0,0,0,0,0,0,0,0,0,0,0,0,0,0,0
15:51:48.433,127.5,100,0,256,0,True,False,False,False,False,False,False,False,,0,0,0,0,0,0,0,0,0,0,0,0,0,0,0,0,0,0,0,0,0,0,0,0,0
15:51:48.453,127.5,100,0,256,0,True,False,False,False,False,False,False,False,,0,0,0,0,0,0,0,0,0,0,0,0,0,0,0,0,0,0,0,0,0,0,0,0,0
15:51:48.473,127.5,100,0,256,0,True,False,False,False,False,False,False,False,,0,0,0,0,0,0,0,0,0,0,0,0,0,0,0,0,0,0,0,0,0,0,0,0,0
15:51:48.493,127.5,100,0,256,0,True,False,False,False,False,False,False,False,,0,0,0,0,0,0,0,0,0,0,0,0,0,0,0,0,0,0,0,0,0,0,0,0,0
15:51:48.513,127.5,100,0,256,0,True,False,False,False,False,False,False,False,,0,0,0,0,0,0,0,0,0,0,0,0,0,0,0,0,0,0,0,0,0,0,0,0,0
15:51:48.533,127.5,100,0,256,0,True,False,False,False,False,False,False,False,,0,0,0,0,0,0,0,0,0,0,0,0,0,0,0,0,0,0,0,0,0,0,0,0,0
15:51:48.553,127.5,100,0,256,0,True,False,False,False,False,False,False,False,,0,0,0,0,0,0,0,0,0,0,0,0,0,0,0,0,0,0,0,0,0,0,0,0,0
15:51:48.573,127.5,100,0,256,0,True,False,False,False,False,False,False,False,,0,0,0,0,0,0,0,0,0,0,0,0,0,0,0,0,0,0,0,0,0,0,0,0,0
15:51:48.593,127.5,100,0,256,0,True,False,False,False,False,False,False,False,,0,0,0,0,0,0,0,0,0,0,0,0,0,0,0,0,0,0,0,0,0,0,0,0,0
15:51:48.613,127.5,100,0,256,0,True,False,False,False,False,False,False,False,,0,0,0,0,0,0,0,0,0,0,0,0,0,0,0,0,0,0,0,0,0,0,0,0,0
15:51:48.633,127.5,100,0,256,0,True,False,False,False,False,False,False,False,,0,0,0,0,0,0,0,0,0,0,0,0,0,0,0,0,0,0,0,0,0,0,0,0,0
15:51:48.653,127.5,100,0,256,0,True,False,False,False,False,False,False,False,,0,0,0,0,0,0,0,0,0,0,0,0,0,0,0,0,0,0,0,0,0,0,0,0,0
15:51:48.673,127.5,100,0,256,0,True,False,False,False,False,False,False,False,,0,0,0,0,0,0,0,0,0,0,0,0,0,0,0,0,0,0,0,0,0,0,0,0,0
15:51:48.693,127.5,100,0,256,0,True,False,False,False,False,False,False,False,,0,0,0,0,0,0,0,0,0,0,0,0,0,0,0,0,0,0,0,0,0,0,0,0,0
15:51:48.713,127.5,100,0,256,0,True,False,False,False,False,False,False,False,,0,0,0,0,0,0,0,0,0,0,0,0,0,0,0,0,0,0,0,0,0,0,0,0,0
15:51:48.733,127.5,100,0,256,0,True,False,False,False,False,False,False,False,,0,0,0,0,0,0,0,0,0,0,0,0,0,0,0,0,0,0,0,0,0,0,0,0,0
15:51:48.753,127.5,100,0,256,0,True,False,False,False,False,False,False,False,,0,0,0,0,0,0,0,0,0,0,0,0,0,0,0,0,0,0,0,0,0,0,0,0,0
15:51:48.773,127.5,100,0,256,0,True,False,False,False,False,False,False,False,,0,0,0,0,0,0,0,0,0,0,0,0,0,0,0,0,0,0,0,0,0,0,0,0,0
15:51:48.793,127.5,100,0,256,0,True,False,False,False,False,False,False,False,,0,0,0,0,0,0,0,0,0,0,0,0,0,0,0,0,0,0,0,0,0,0,0,0,0
15:51:48.813,127.5,100,0,256,0,True,False,False,False,False,False,False,False,,0,0,0,0,0,0,0,0,0,0,0,0,0,0,0,0,0,0,0,0,0,0,0,0,0
15:51:48.833,127.5,100,0,256,0,True,False,False,False,False,False,False,False,,0,0,0,0,0,0,0,0,0,0,0,0,0,0,0,0,0,0,0,0,0,0,0,0,0
15:51:48.853,127.5,100,0,256,0,True,False,False,False,False,False,False,False,,0,0,0,0,0,0,0,0,0,0,0,0,0,0,0,0,0,0,0,0,0,0,0,0,0
15:51:48.873,127.5,100,0,256,0,True,False,False,False,False,False,False,False,,0,0,0,0,0,0,0,0,0,0,0,0,0,0,0,0,0,0,0,0,0,0,0,0,0
15:51:48.893,127.5,100,0,256,0,True,False,False,False,False,False,False,False,,0,0,0,0,0,0,0,0,0,0,0,0,0,0,0,0,0,0,0,0,0,0,0,0,0
15:51:48.913,127.5,100,0,256,0,True,False,False,False,False,False,False,False,,0,0,0,0,0,0,0,0,0,0,0,0,0,0,0,0,0,0,0,0,0,0,0,0,0
15:51:48.933,127.5,100,0,256,0,True,False,False,False,False,False,False,False,,0,0,0,0,0,0,0,0,0,0,0,0,0,0,0,0,0,0,0,0,0,0,0,0,0
15:51:48.953,127.5,100,0,256,0,True,False,False,False,False,False,False,False,,0,0,0,0,0,0,0,0,0,0,0,0,0,0,0,0,0,0,0,0,0,0,0,0,0
15:51:48.973,127.5,100,0,256,0,True,False,False,False,False,False,False,False,,0,0,0,0,0,0,0,0,0,0,0,0,0,0,0,0,0,0,0,0,0,0,0,0,0
15:51:48.993,127.5,100,0,256,0,True,False,False,False,False,False,False,False,,0,0,0,0,0,0,0,0,0,0,0,0,0,0,0,0,0,0,0,0,0,0,0,0,0
15:51:49.013,127.5,100,0,256,0,True,False,False,False,False,False,False,False,,0,0,0,0,0,0,0,0,0,0,0,0,0,0,0,0,0,0,0,0,0,0,0,0,0
15:51:49.033,127.5,100,0,256,0,True,False,False,False,False,False,False,False,,0,0,0,0,0,0,0,0,0,0,0,0,0,0,0,0,0,0,0,0,0,0,0,0,0
15:51:49.053,127.5,100,0,256,0,True,False,False,False,False,False,False,False,,0,0,0,0,0,0,0,0,0,0,0,0,0,0,0,0,0,0,0,0,0,0,0,0,0
15:51:49.073,127.5,100,0,256,0,True,False,False,False,False,False,False,False,,0,0,0,0,0,0,0,0,0,0,0,0,0,0,0,0,0,0,0,0,0,0,0,0,0
15:51:49.093,127.5,100,0,256,0,True,False,False,False,False,False,False,False,,0,0,0,0,0,0,0,0,0,0,0,0,0,0,0,0,0,0,0,0,0,0,0,0,0
15:51:49.113,127.5,100,0,256,0,True,False,False,False,False,False,False,False,,0,0,0,0,0,0,0,0,0,0,0,0,0,0,0,0,0,0,0,0,0,0,0,0,0
15:51:49.133,127.5,100,0,256,0,True,False,False,False,False,False,False,False,,0,0,0,0,0,0,0,0,0,0,0,0,0,0,0,0,0,0,0,0,0,0,0,0,0
15:51:49.153,127.5,100,0,256,0,True,False,False,False,False,False,False,False,,0,0,0,0,0,0,0,0,0,0,0,0,0,0,0,0,0,0,0,0,0,0,0,0,0
15:51:49.173,127.5,100,0,256,0,True,False,False,False,False,False,False,False,,0,0,0,0,0,0,0,0,0,0,0,0,0,0,0,0,0,0,0,0,0,0,0,0,0
15:51:49.193,127.5,100,0,256,0,True,False,False,False,False,False,False,False,,0,0,0,0,0,0,0,0,0,0,0,0,0,0,0,0,0,0,0,0,0,0,0,0,0
15:51:49.213,127.5,100,0,256,0,True,False,False,False,False,False,False,False,,0,0,0,0,0,0,0,0,0,0,0,0,0,0,0,0,0,0,0,0,0,0,0,0,0
